Handle,Wallet,Balance_SOL,Tx_Count,Wallet_Created,Holds_Token,RiskScore,RiskLevel,Verified,Timestamp,Comment,Reasons
@Father000x,8QKRvM8TT2ysLPEt5yCr7h4eALJR5w1m48YTSGm6GeAd,0.0009,73,2024-06-09 12:13:08,No,0,LOW,False,2026-08-11 21:02:00,Being a father of 2 beautiful kids. This is a big help from us. My income is not enough to support my kids this school year. it means a lot to me as a father to win this.  Thank you! May you always win in your life legend @RadTrades_  8QKRvM8TT2ysLPEt5yCr7h4eALJR5w1m48YTSGm6GeAd,
@dpXmaki,AWc8qV1d1afYV6QP5gEECxnZNQwomGfGefTpKh2ScpZ3,0.0015,100,2026-08-03 20:24:00,No,0,LOW,True,2026-08-11 17:04:00,"thank you Rad, I've been active yeah  AWc8qV1d1afYV6QP5gEECxnZNQwomGfGefTpKh2ScpZ3",Verified account
@BENOY017,6vXUmnJMKwaiEH85uJQXtZ353o3UBR4yVv18MzqvRhGR,0.0200,3,2026-07-09 07:18:10,No,0,LOW,True,2026-08-11 17:28:00,Bro @RadTrades_  I have nvr receive any $ANSEM to my wallet can u pls change that plssss🙏🙏  6vXUmnJMKwaiEH85uJQXtZ353o3UBR4yVv18MzqvRhGR,Verified account
@dagecrypto,87ioPtFcvoLwCVmoxxsgEtykKiATcngHZd9uNC3g3qYz,0.1652,32,2026-07-12 03:31:02,Yes,0,LOW,True,2026-08-11 17:14:00,I would be kinda chic if I held 1000 $ANSEM   87ioPtFcvoLwCVmoxxsgEtykKiATcngHZd9uNC3g3qYz,Verified account
@organicryptoyyc,C4ywHK4KzM3acJv7igwfk4ddi77oUhBinZ2N8tuVEk1z,0.0031,3,2026-07-05 21:38:00,Yes,0,LOW,True,2026-08-12 01:43:00,C4ywHK4KzM3acJv7igwfk4ddi77oUhBinZ2N8tuVEk1z Gave ya a follow fren,Verified account
@Aventis7,7LE6tF5jAwX8C5fYQNWPZXzZcWbzToCoMczHFHstqD4M,0.0019,100,2024-04-02 15:50:37,No,0,LOW,True,2026-08-11 20:19:00,7LE6tF5jAwX8C5fYQNWPZXzZcWbzToCoMczHFHstqD4M,Verified account
@FridjofMenting,7vfk4zN8zTvUs9kdartXLJywNTL3WaSvjHF1aL2f2mkt,0.3622,100,2026-07-10 08:17:32,Yes,0,LOW,True,2026-08-11 16:50:00,7vfk4zN8zTvUs9kdartXLJywNTL3WaSvjHF1aL2f2mkt $ANSEM time,Verified account
@Lingard010,FFAq76erc5eBK4peZKjFjJwV5DHpFUjxVF5L2BdRBNQ3,0.0010,6,2026-07-16 17:57:16,No,0,LOW,True,2026-08-11 16:46:00,"If luck is a numbers game, I’m definitely putting in the reps  FFAq76erc5eBK4peZKjFjJwV5DHpFUjxVF5L2BdRBNQ3",Verified account
@dasaniCR,EowmiXvP33byMSYHuvp35sNCUbWhn2XgQoV99j4qGJvq,0.0010,100,2026-08-03 23:32:44,No,0,LOW,False,2026-08-11 16:51:00,EowmiXvP33byMSYHuvp35sNCUbWhn2XgQoV99j4qGJvq,
@Willlyy11,7Vk43bDRWduxfK5Mpx6LR8a3fV2TjY86DPD7SRRHu94Z,0.0010,100,2025-10-23 07:02:25,No,0,LOW,True,2026-08-11 17:07:00,7Vk43bDRWduxfK5Mpx6LR8a3fV2TjY86DPD7SRRHu94Z   Thank you Rad,Verified account
@____danerous__,AEfRQFaUjoYit274CrdGT5dpw6jcu7VojLEaCewpRYHM,0.0014,62,2025-11-19 13:28:40,No,0,LOW,False,2026-08-11 17:26:00,AEfRQFaUjoYit274CrdGT5dpw6jcu7VojLEaCewpRYHM  Thanks legend 🙏 🙌🏾,
@mastaeagle,3jWxWgXDnWA8dazRkaLQAJaNDsyAEMB1EycNKb6g6NNC,0.0151,100,2026-02-22 11:38:51,No,0,LOW,True,2026-08-11 17:09:00,3jWxWgXDnWA8dazRkaLQAJaNDsyAEMB1EycNKb6g6NNC,Verified account
@whuttttzzz,KeedNxkMGYYmWiabStWmkrnaG6CR12xjZNY2QZEETp9,0.0050,20,2026-01-09 08:51:08,No,0,LOW,True,2026-08-11 17:35:00,KeedNxkMGYYmWiabStWmkrnaG6CR12xjZNY2QZEETp9,Verified account
@Syntheraioyv,AFHwcq6r8AVhNaJkbPvEneFZpPt9GApBYkxQkN7Fhju9,0.0167,100,2026-03-12 14:13:57,No,0,LOW,True,2026-08-11 21:34:00,For real?  AFHwcq6r8AVhNaJkbPvEneFZpPt9GApBYkxQkN7Fhju9,Verified account
@i_amkingdavo,DXg8PuQwnUF5Y7PWhmMoR6k793Vn1bHccyvP5B8izfdy,0.0050,3,2026-01-30 08:50:10,No,0,LOW,True,2026-08-11 17:12:00,DXg8PuQwnUF5Y7PWhmMoR6k793Vn1bHccyvP5B8izfdy  Thank you Rad <3,Verified account
@rockergandalf,5ABzq6UCuj4x2WecA6XbJhKiYugLMABnPsjdTzBAGWTR,0.1565,100,2026-03-14 15:04:14,No,0,LOW,True,2026-08-11 17:30:00,I'd love to begin my $ANSEM journey!  5ABzq6UCuj4x2WecA6XbJhKiYugLMABnPsjdTzBAGWTR,Verified account
@4chainz_z,7MwZnZLFkfWdWdqwcvWRrS6SU8fZtPk8apvxaYgQCQjT,0.0113,100,2026-05-07 04:30:20,Yes,0,LOW,False,2026-08-11 17:01:00,7MwZnZLFkfWdWdqwcvWRrS6SU8fZtPk8apvxaYgQCQjT,
@VeryRuthlesss,hMLe1SNeqoTfdszFD2fJFtrf1DNQvoKdjn2zLhYpurC,0.0050,21,2026-04-16 16:56:19,No,0,LOW,True,2026-08-11 17:25:00,hMLe1SNeqoTfdszFD2fJFtrf1DNQvoKdjn2zLhYpurC  Thanks so much King🙏,Verified account
@evikraNtt,6k3NMZcyFh8hE27mnwF23DDJsM9F4F9WNbDpo6bzXQMm,0.0118,2,2026-07-30 02:03:22,No,0,LOW,False,2026-08-11 17:08:00,6k3NMZcyFh8hE27mnwF23DDJsM9F4F9WNbDpo6bzXQMm,
@MALWARE_999,J9hLNEBNNyWEtncwBL3WtwPMrt5B4iSPX9kmiiL5Sj5K,0.1445,100,2024-08-04 13:09:04,No,0,LOW,False,2026-08-11 17:06:00,Is this for real? 😯😯😯   Thanks rad ❤️  J9hLNEBNNyWEtncwBL3WtwPMrt5B4iSPX9kmiiL5Sj5K,
@isbburger,9E4JMp9CtRkZLcd1wNQX9G2oikNxA6ZWJAmoRoi3E96P,0.0050,100,2026-02-24 11:15:38,Yes,0,LOW,False,2026-08-11 16:52:00,man Gotta be Me I would really appreciate it holding since 43 days   9E4JMp9CtRkZLcd1wNQX9G2oikNxA6ZWJAmoRoi3E96P,
@Layiszn,CLp9zwKVMdLiw2hgSP2s58Hj4wsvEQdsU5J5wX7xQLTf,0.2638,100,2026-07-30 00:23:58,No,0,LOW,True,2026-08-11 17:05:00,Come clutch for me   CLp9zwKVMdLiw2hgSP2s58Hj4wsvEQdsU5J5wX7xQLTf  Bagworkers here,Verified account
@Lovelineledu,Dkte3EMfiCWRG5nq5StQjYj4R8scdtAxwfCj1wcRH8qs,0.0009,100,2025-08-04 03:09:13,No,0,LOW,False,2026-08-11 16:59:00,Dkte3EMfiCWRG5nq5StQjYj4R8scdtAxwfCj1wcRH8qs   $ANSEM,
@Yuskid22,J45uvVFHzNCNiK2qEHW7nBwfLvDztsS3PSe9QPa2dxVW,0.0021,10,2024-10-28 11:05:10,No,0,LOW,False,2026-08-11 17:22:00,J45uvVFHzNCNiK2qEHW7nBwfLvDztsS3PSe9QPa2dxVW  Let me have this W Boss 💯🙏,
@Arm_strong0x,6H3es6AqX59d1Kda3DxzoYNzLdpWAqX4vabU184jBeSN,0.0010,8,2025-03-28 01:31:13,No,0,LOW,True,2026-08-11 17:00:00,You don't hold enough $ANSEM   Can you change that fam?  6H3es6AqX59d1Kda3DxzoYNzLdpWAqX4vabU184jBeSN,Verified account
@webbegginner,2TasfeYZGXk6tdJuBU4qmzjq2UpEPWAaM5zqg8QyJLkW,0.0087,100,2026-07-25 13:33:53,No,0,LOW,True,2026-08-11 16:47:00,2TasfeYZGXk6tdJuBU4qmzjq2UpEPWAaM5zqg8QyJLkW  Been holding since man. Increase my hold,Verified account
@prettyhinata67,4m6b6rdevkqyKJLkSkWVhmdwGnaVCUVLE6yxkCfbjaS2,0.0010,38,2026-08-09 13:51:38,No,0,LOW,True,2026-08-11 16:40:00,You see me 😀   4m6b6rdevkqyKJLkSkWVhmdwGnaVCUVLE6yxkCfbjaS2,Verified account
@Brainybtc,CDmZfpPXv2nqXyQ9QabZkjgVSWGuh47bXRqGnzgSVw1g,0.0034,11,2026-07-10 21:26:59,No,0,LOW,True,2026-08-11 18:26:00,CDmZfpPXv2nqXyQ9QabZkjgVSWGuh47bXRqGnzgSVw1g  First $ANSEM airdrop king,Verified account
@JayTheWinnerX,CAbKcA4WFra8EHngk3LrcveeoXkd1YNKfKKUkSvngchj,0.0015,100,2025-10-30 04:29:22,No,0,LOW,True,2026-08-12 06:26:00,"Appreciate the consistent energy and the way you actually give back to people supporting you, Rad. Been following the $ANSEM thesis hard the Black Bull narrative, Ansem’s wallet concentration + ongoing distributions, the community takeover angle, and the push toward millions of holders instead of just another short-lived meme. Your recent takes on the sidelined crowd waiting for the breakout and the path outside CT to bigger numbers land clean. Solid work building and sharing alpha while still throwing $100 bags to real supporters.  Here’s mine:  CAbKcA4WFra8EHngk3LrcveeoXkd1YNKfKKUkSvngchj  Respect 🐂",Verified account
@jiggyarc,6Jh7HWgev6ta17nTVyC9rfGwBe2tkJ249vTgozwqrMN7,0.0110,100,2026-06-19 17:11:29,No,0,LOW,True,2026-08-11 16:39:00,ohh thank you rad👏❤️  6Jh7HWgev6ta17nTVyC9rfGwBe2tkJ249vTgozwqrMN7,Verified account
@dfw_Pearls,7wRcoNXjqWuFqrW3ddL5kN4uCJw4d7nbjPRHn9xj887r,0.0100,7,2026-08-11 13:04:45,Yes,0,LOW,True,2026-08-11 19:00:00,7wRcoNXjqWuFqrW3ddL5kN4uCJw4d7nbjPRHn9xj887r  Bless me Rad🙏🏽🙏🏽,Verified account
@Lucky_germilbv,5ZJ7dXyx3ha4Cc1C3w9U33HrE5Y6RTCRuMEK5NMdcbC1,0.0020,14,2026-07-15 07:27:39,No,0,LOW,True,2026-08-11 19:36:00,Thanks @RadTrades_   Sol addy 5ZJ7dXyx3ha4Cc1C3w9U33HrE5Y6RTCRuMEK5NMdcbC1,Verified account
@Kryptoguy1_0,S3uaJLE1JyTrSutS39PVxWxJkwvKNcmiKJSzSNkoueP,0.0117,79,2026-07-09 04:02:45,No,0,LOW,True,2026-08-11 16:51:00,Thank you 🙏   S3uaJLE1JyTrSutS39PVxWxJkwvKNcmiKJSzSNkoueP,Verified account
@Wholashile,7VqXRwTCjZhpinfzFYRWj4BsVxzgwqmXfR1NydLH7QmA,0.0038,100,2025-04-05 14:02:39,No,0,LOW,True,2026-08-11 16:44:00,"I’ve notifications on all the time and I always engage with all of your tweets and all, if you check my page it says it all that I’m a bagworker   7VqXRwTCjZhpinfzFYRWj4BsVxzgwqmXfR1NydLH7QmA",Verified account
@Isagi_barou,H9JfUpVhLruwgZu2CnD4mhpwoaZxPxKGi6GvnDRpmfSY,0.0030,78,2024-09-15 20:25:50,No,0,LOW,True,2026-08-11 19:29:00,"I love when people choose to give back when things are going well for them. It says a lot about the person behind the wins.  I haven't had much luck with giveaways myself, but I'd genuinely appreciate the blessing if you decided to pick me. ❤️  H9JfUpVhLruwgZu2CnD4mhpwoaZxPxKGi6GvnDRpmfSY",Verified account
@IzMario2,CGPt9WvLxHtCK6fnfEo93i143ZJkqgvXgSPx8c7K2oeS,0.0013,100,2025-06-09 17:24:13,No,0,LOW,True,2026-08-11 16:39:00,CGPt9WvLxHtCK6fnfEo93i143ZJkqgvXgSPx8c7K2oeS,Verified account
@luckyshaneee,FkJgP73vpq1YYLgT2HdgmTkDNT3xWkp6uKY57fMRErpc,0.0009,8,2026-08-02 01:36:21,No,0,LOW,True,2026-08-11 17:40:00,"hoping to hodl $ANSEM for the first time 🍀🤞 thank you for the chance, legend @RadTrades_! ♥️  FkJgP73vpq1YYLgT2HdgmTkDNT3xWkp6uKY57fMRErpc",Verified account
@Kellyofweb3Alt,FUuzRJjQRVxnLvW6Dfp9k3MVpZZfx9jnTbwQ4NaRMZDr,0.0028,100,2026-06-13 09:00:03,No,0,LOW,True,2026-08-11 18:27:00,Thank you king RadTrades   FUuzRJjQRVxnLvW6Dfp9k3MVpZZfx9jnTbwQ4NaRMZDr  Hook me up with some solana:9cRCn9rGT8V2imeM2BaKs13yhMEais3ruM3rPvTGpump,Verified account
@ganieous,3RHcvEZ4mnLZ48FoH7H4vuzJxUaNFZ1M75mmTKJXwX6G,0.0018,67,2025-07-27 12:51:51,No,0,LOW,True,2026-08-11 17:39:00,Higherrrr $ANSEM  3RHcvEZ4mnLZ48FoH7H4vuzJxUaNFZ1M75mmTKJXwX6G,Verified account
@Lithish1001,DUuGfDM8GXn733YNHvnDz2bjmN3MVwe9FkdaABt5wGG1,0.0049,100,2026-01-27 06:15:22,No,0,LOW,True,2026-08-11 16:44:00,"Been supporting you and $ANSEM from day one 🔥   Always here, always bagholding, always shilling the vision.  DUuGfDM8GXn733YNHvnDz2bjmN3MVwe9FkdaABt5wGG1  Appreciate you giving back king 🐐 @RadTrades_",Verified account
@KayyFund,9sCiPe5em6ZCaXpcWh2uFappViP7gaR3A1qJ9UxXauEd,0.1263,100,2025-07-18 14:17:04,No,0,LOW,True,2026-08-11 17:20:00,"Appreciate you giving back 🔥  9sCiPe5em6ZCaXpcWh2uFappViP7gaR3A1qJ9UxXauEd   Been supporting, would love to be one of the last 2 🙏 solana:9cRCn9rGT8V2imeM2BaKs13yhMEais3ruM3rPvTGpump",Verified account
@victorrr_077,96oHENUAdPABBtE4jXWZzAo1zKhryAHL6N6F5eLyzSwK,0.0012,4,2026-08-10 11:21:33,No,0,LOW,True,2026-08-11 17:42:00,96oHENUAdPABBtE4jXWZzAo1zKhryAHL6N6F5eLyzSwK   Thank you Rad,Verified account
@mayh3m_33,7nAkPPSkPLi3B24pkH2R2fyqLaPbzfq5t1uN9VB7iGZH,0.1592,100,2026-07-12 15:09:02,No,0,LOW,True,2026-08-11 16:43:00,"Want some, need some   7nAkPPSkPLi3B24pkH2R2fyqLaPbzfq5t1uN9VB7iGZH",Verified account
@jaybeeotf,CqVay2ZLm2yMSA8bMcGUMma7ev5P6Fm2Ht6yz3t9dEHC,0.2105,100,2026-07-28 12:41:50,No,0,LOW,True,2026-08-11 16:37:00,CqVay2ZLm2yMSA8bMcGUMma7ev5P6Fm2Ht6yz3t9dEHC,Verified account
@0xjayben,5jaD6tHR34QkdwG7sSdkf9cER5WVtUWkFGWrZ5fvbnHy,0.0150,4,2026-07-24 12:26:16,No,0,LOW,True,2026-08-11 17:10:00,I have a question can i win ?   5jaD6tHR34QkdwG7sSdkf9cER5WVtUWkFGWrZ5fvbnHy,Verified account
@Testimony64,FvLgXW8AaH1Gtae6RsxWMduxkBxQkRk9JMmzckRqvtrE,0.1262,100,2026-07-31 10:43:15,No,0,LOW,True,2026-08-11 16:38:00,Thank you Rad   FvLgXW8AaH1Gtae6RsxWMduxkBxQkRk9JMmzckRqvtrE   I can’t be unlucky for 365 days,Verified account
@Ifwpromax,HCXcRmXEnKyos242dVqM9gUMg9UKGd5cVh2RLwcVsqsw,0.0009,100,2025-10-17 20:12:53,No,0,LOW,True,2026-08-11 18:33:00,Thanks Rad  HCXcRmXEnKyos242dVqM9gUMg9UKGd5cVh2RLwcVsqsw,Verified account
@dyktr3nchkid,879K61wn8TpJY6fuSWy6MK9G2WDVgsHARP6WHaEoyByk,0.0020,7,2026-07-29 22:49:35,No,0,LOW,True,2026-08-11 17:48:00,Please 🥺🙏 can I be one of them @RadTrades_  Thank you Sir   879K61wn8TpJY6fuSWy6MK9G2WDVgsHARP6WHaEoyByk,Verified account
@Markofweb3X,Hudkn7zNsdD4LxTKYNeMecQFH2KkwoUxe3EUaCpGJXNw,0.0048,34,2026-07-24 11:21:02,No,0,LOW,True,2026-08-11 17:57:00,Thanks brother   Hudkn7zNsdD4LxTKYNeMecQFH2KkwoUxe3EUaCpGJXNw,Verified account
@Mackxyz9,7kxTr8o3ru343Ues6eKKrr3bXht55eVtJKQmHi9tLw4Q,0.0349,64,2023-12-15 08:00:04,No,0,LOW,True,2026-08-11 17:41:00,My luck get this   7kxTr8o3ru343Ues6eKKrr3bXht55eVtJKQmHi9tLw4Q,Verified account
@gelo_sol418,BxVrMYxTdijGLCu9LzsRJTnH8mdtzdHq6E7L3t4Pb1Zz,0.0143,100,2026-07-09 03:08:38,Yes,0,LOW,True,2026-08-11 21:59:00,hope you see this bro 🙏  thank you  BxVrMYxTdijGLCu9LzsRJTnH8mdtzdHq6E7L3t4Pb1Zz,Verified account
@osmbreh,J92tKTmxycPZQ5J6wftMbhX8fG4CwPpnC9B6PGcfWx7a,0.0009,100,2025-05-07 09:16:00,No,0,LOW,True,2026-08-11 20:42:00,J92tKTmxycPZQ5J6wftMbhX8fG4CwPpnC9B6PGcfWx7a,Verified account
@AmittCrypto,AZmVqcwgrULNd77XJfgtzQTxAymbfuWW9JoxUSv3meHB,0.1433,100,2025-03-06 08:47:34,No,0,LOW,True,2026-08-11 16:55:00,Always supporting you Hook me up Rad  AZmVqcwgrULNd77XJfgtzQTxAymbfuWW9JoxUSv3meHB,Verified account
@THE_MMANUEL,7H4knp1Nxk2xSNZQ8jSCPn9qVcj5PdDS1W8DwwSbNLug,0.0010,40,2026-07-13 05:16:50,No,0,LOW,True,2026-08-11 21:10:00,Been in need of ansem  7H4knp1Nxk2xSNZQ8jSCPn9qVcj5PdDS1W8DwwSbNLug,Verified account
@Zamnoor3,DYiPERTLaRfU2EXUPBX691eorRQt59w9Qu3TDNBQAYnH,0.0376,100,2026-02-19 02:28:06,No,0,LOW,True,2026-08-11 17:45:00,DYiPERTLaRfU2EXUPBX691eorRQt59w9Qu3TDNBQAYnH,Verified account
@Shevoxx,7BT2MLvEEenfoPw1W8P6v1fA7VTEc3DzZgoURygFSVB8,0.0010,17,2025-11-18 22:52:13,No,0,LOW,True,2026-08-11 17:09:00,7BT2MLvEEenfoPw1W8P6v1fA7VTEc3DzZgoURygFSVB8,Verified account
@ishow_ola01,91iXMfpVikQzJd6UKXU5HENuJLPk8YTECXYmtswzZohP,0.0011,5,2026-04-23 07:28:55,No,0,LOW,True,2026-08-11 16:39:00,91iXMfpVikQzJd6UKXU5HENuJLPk8YTECXYmtswzZohP,Verified account
@zeig39042,CuCc2KyK21aK7yuxVjA9yNHpLYK5YhJMyDnsF4j5kat3,0.0062,5,2026-08-09 23:36:00,No,0,LOW,True,2026-08-11 18:07:00,CuCc2KyK21aK7yuxVjA9yNHpLYK5YhJMyDnsF4j5kat3,Verified account
@ViktorX_IJD,CuK6UFzEJwMXTQqFYWN3VbPvsQkz2zpU1ngbFXLadKtj,2.0217,100,2026-07-03 08:11:57,Yes,0,LOW,True,2026-08-11 16:39:00,Thank you   CuK6UFzEJwMXTQqFYWN3VbPvsQkz2zpU1ngbFXLadKtj,Verified account
@loxdotsol,GvmkJNRmhgNWy5revZNxU4KFy1YZH1a1ZdVRnkT14GEr,0.0010,100,2026-07-29 12:33:10,No,20,LOW,True,2026-08-11 16:39:00,Hey Rad  Haven’t won for you before  I’m a bagworker   Any chance winning?   GvmkJNRmhgNWy5revZNxU4KFy1YZH1a1ZdVRnkT14GEr,Wallet submitted 2 times by the same account | Handle commented 2 times | Verified account
@Praisewilldoit,J7xV2j6rokVsonqxojxwEGntXwGPbBS3yht9FbnvH215,0.0009,100,2026-05-26 13:02:47,No,0,LOW,True,2026-08-11 23:23:00,Thank you   J7xV2j6rokVsonqxojxwEGntXwGPbBS3yht9FbnvH215,Verified account
@marley_web3,2w2dmxnv6xu6T93ahzFh2iQQK7bbkzvQQdkHaxFCcn7B,0.0009,6,2026-08-08 07:50:30,No,0,LOW,True,2026-08-11 17:05:00,2w2dmxnv6xu6T93ahzFh2iQQK7bbkzvQQdkHaxFCcn7B,Verified account
@StevenAde_,3385b1DK7V8RKT5gBR2TyjWDaiaGQJAh3zfpUhtjNyxb,0.0010,82,2026-02-04 14:40:59,No,0,LOW,True,2026-08-11 16:44:00,Thank you Chad  3385b1DK7V8RKT5gBR2TyjWDaiaGQJAh3zfpUhtjNyxb,Verified account
@mightyman1111,ELT58jSpZy9yhNv6GBUG1DsxUZ8quyjNDcieC3bruRYu,0.0432,30,2025-02-21 09:05:22,Yes,0,LOW,False,2026-08-11 17:38:00,ELT58jSpZy9yhNv6GBUG1DsxUZ8quyjNDcieC3bruRYu,
@Trading_Tort,9VPMyVhFg7i413wqH3HCTThgjS4oK2kABicfGqZ14A1d,0.0684,100,2026-08-04 02:24:19,Yes,0,LOW,True,2026-08-11 17:41:00,9VPMyVhFg7i413wqH3HCTThgjS4oK2kABicfGqZ14A1d,Verified account
@SkipperXI,F2nG72HzC8spHjYr8RwoRVhTMexLTtGBUwiiPDRt5eJ2,0.0050,48,2026-06-03 04:33:50,No,0,LOW,True,2026-08-11 16:42:00,F2nG72HzC8spHjYr8RwoRVhTMexLTtGBUwiiPDRt5eJ2,Verified account
@AdamXMeta,BXG2hvBXTaV5jiXxxPU56mwSXZvcCpnQj6Ri1i9KJRbg,0.0062,100,2026-01-24 03:09:47,No,0,LOW,True,2026-08-11 16:57:00,Appreciate you sharing the wealth @RadTrades_ 🙏🏾  Been watching $ANSEM since the early days and would love to add some to the bag.  BXG2hvBXTaV5jiXxxPU56mwSXZvcCpnQj6Ri1i9KJRbg,Verified account
@Stylocy,GJQjUiz11a4E9rxrYXgywGKb6mu7Bdz2muyS9Kpj46U4,0.0049,6,2026-06-16 11:28:21,No,0,LOW,True,2026-08-12 05:47:00,I'm here red.   GJQjUiz11a4E9rxrYXgywGKb6mu7Bdz2muyS9Kpj46U4,Verified account
@creedmotion,2TnwF75CAGnpUqoTPfk1Cc3arSvvK1LThDdwXSnEWn8y,0.0009,100,2025-11-04 05:37:41,Yes,0,LOW,True,2026-08-11 16:40:00,nitter.net/creedmotion/status/208…  4th time trying  been holding $ansem for 40 plus days now  would be great if i get to win   thank you @RadTrades_  2TnwF75CAGnpUqoTPfk1Cc3arSvvK1LThDdwXSnEWn8y,Verified account
@CadelAndri,728ZoK6SpFh8z5zYBYFMBskAnoUSHJyG3S9AvZpTk7ub,0.0009,100,2026-04-08 16:03:53,No,0,LOW,True,2026-08-11 18:19:00,"728ZoK6SpFh8z5zYBYFMBskAnoUSHJyG3S9AvZpTk7ub  Good luck everyone, manifesting a first win",Verified account
@0xMichiX,ByDvtub4iimiEwTwfHxapFcJZwnB2JwYByRYKaiRN4Aa,0.2495,100,2026-08-03 14:44:31,No,0,LOW,True,2026-08-11 16:49:00,Wish me luck🤲  ByDvtub4iimiEwTwfHxapFcJZwnB2JwYByRYKaiRN4Aa,Verified account
@AUGUSTUS0000000,9dNFfwYwmkK8chPndm3Fd4Vu7RAK9wMcykL9xc8rYw8G,0.0009,54,2026-04-18 15:46:42,No,0,LOW,True,2026-08-11 16:49:00,9dNFfwYwmkK8chPndm3Fd4Vu7RAK9wMcykL9xc8rYw8G,Verified account
@Z4RIYUH,5APgHGzexn8bSMPPHWRDrRU3bwTu2mW3xcDMGnwL7XMX,0.2511,100,2025-08-14 11:08:45,Yes,0,LOW,True,2026-08-11 16:37:00,MEEEEE 5APgHGzexn8bSMPPHWRDrRU3bwTu2mW3xcDMGnwL7XMX,Verified account
@malleyarc,BLHEkTVWTLAu2194HFBNovtW7W26kumaEXmAsRXfiHjS,0.1179,100,2026-06-26 14:54:26,No,0,LOW,True,2026-08-11 20:11:00,"Been supporting for a while, will I ever get a win? 🥹  BLHEkTVWTLAu2194HFBNovtW7W26kumaEXmAsRXfiHjS   Thank you",Verified account
@maranathaP2023,7zYLxtiXEtTuvXGDkiLfQAHLYiRZdPU3p7ptiKfpqPvc,0.0797,100,2026-04-29 05:34:32,No,0,LOW,True,2026-08-11 17:04:00,Let's have it  7zYLxtiXEtTuvXGDkiLfQAHLYiRZdPU3p7ptiKfpqPvc,Verified account
@Womanempowerm10,J17E1dz7bKMdzgHeXQE5BgdhizCM7e6NYYZwmRde7vQT,0.0161,100,2026-05-02 05:43:23,Yes,0,LOW,True,2026-08-11 20:20:00,J17E1dz7bKMdzgHeXQE5BgdhizCM7e6NYYZwmRde7vQT,Verified account
@MikeEze18,ZZTydia2vmLp9PhjxpeQwhte2sCNJ7ot7WhH3dCcY3C,0.0165,100,2025-10-31 03:21:53,No,0,LOW,True,2026-08-11 21:57:00,"Appreciate you immensely Rad 🤍 feeling like today is the day u will bless me @RadTrades_ $ANSEM   Never won from you king, been here for long now. An OG in this space..   $ANSEM TO THE WORLD 🚀  ZZTydia2vmLp9PhjxpeQwhte2sCNJ7ot7WhH3dCcY3C",Verified account
@DayoWeb3_,Az5jxe256Ekf6QCJfkTBzxeLawd1gWaHtt5yFFVRm3Wv,0.0035,100,2026-05-01 05:16:33,No,0,LOW,True,2026-08-11 20:19:00,Az5jxe256Ekf6QCJfkTBzxeLawd1gWaHtt5yFFVRm3Wv   @iwilljeet   Thank you legend,Verified account
@helloramses,FTEcd88ZzGbftLCn7uVHg6nr9Np1uUvUFjN9mEepQU3F,0.0740,65,2026-07-25 06:20:05,No,0,LOW,True,2026-08-12 03:20:00,FTEcd88ZzGbftLCn7uVHg6nr9Np1uUvUFjN9mEepQU3F  Thanks Rad Can I be lucky,Verified account
@wealthy_ladd,CUp1SBmosTfHMP63Qi8RKRCqMv2rcv86M288ZrmyuBKv,0.0354,100,2026-04-08 10:23:01,No,0,LOW,True,2026-08-11 16:46:00,Hii  CUp1SBmosTfHMP63Qi8RKRCqMv2rcv86M288ZrmyuBKv,Verified account
@Millxbt,H6FN9yEreqCAdpaej4gMyZULYuu7uqerLM6sxdnzhTTT,0.0100,100,2026-04-22 00:38:33,No,0,LOW,True,2026-08-11 16:59:00,Bless me rad  H6FN9yEreqCAdpaej4gMyZULYuu7uqerLM6sxdnzhTTT,Verified account
@rukogin,421VWqcr8Dam41z8BoA7Yn5G7unLKsWBWyLu4YiRdAjJ,0.0130,7,2025-12-09 08:08:12,No,0,LOW,True,2026-08-12 05:41:00,421VWqcr8Dam41z8BoA7Yn5G7unLKsWBWyLu4YiRdAjJ,Verified account
@Harlomodolars,52NJMmFY2rwTwzt16Liv16cbYZLnWiqedkiDBLDE8biA,0.0500,3,2025-01-12 04:47:22,No,0,LOW,True,2026-08-11 17:22:00,52NJMmFY2rwTwzt16Liv16cbYZLnWiqedkiDBLDE8biA  Always in Support,Verified account
@Bagwoker,AYQ2k42NtroY64wQ4qHQAy4kuJwp2UFY768MEWxJi8Jj,0.0010,100,2026-08-01 19:24:11,No,0,LOW,True,2026-08-11 16:38:00,"Been trying for a while, fingers crossed this time Your support would really help me out. Goat  Bless me, I’ve always be loyal to you. Remember me  AYQ2k42NtroY64wQ4qHQAy4kuJwp2UFY768MEWxJi8Jj",Verified account
@Maverick_is_bac,3UsY4RWXKcuquvUYHoCTy9HGpunMaNGmo2Lz31VuoTLi,0.0129,46,2026-07-16 10:08:18,No,0,LOW,True,2026-08-11 17:57:00,"Hi @RadTrades_ , Honestly, I don’t even know what to say to convince you to pick me But I’m going to give it my best shot. Hopefully this one is mine 🤞  3UsY4RWXKcuquvUYHoCTy9HGpunMaNGmo2Lz31VuoTLi",Verified account
@A_meennn,ELdW5GhJ5ENNvKUYhRvbx8yXpH3M5GxLPNpEQ9SEvyur,0.0040,16,2025-01-05 14:42:50,No,0,LOW,False,2026-08-11 18:37:00,Liked ☑️ Retweeted ☑️ Followed ☑️  I can’t be unlucky for 3-6-5 days although not on my word  But I pray for luck today bless me $Rad   ELdW5GhJ5ENNvKUYhRvbx8yXpH3M5GxLPNpEQ9SEvyur,
@AboyAsDEXIRO,533CWCa3ysqzMzbVFXi8Hz2tfhXzDrYampGDH7dQPP7h,0.0106,100,2025-11-09 11:54:03,No,0,LOW,False,2026-08-11 17:15:00,Thank you   533CWCa3ysqzMzbVFXi8Hz2tfhXzDrYampGDH7dQPP7h,
@psysco_,8VNWdQXNpvBbz2c1fykfMPczDzA3mnvxgSoaBfP5Vu9y,0.4217,100,2025-11-07 07:55:07,No,0,LOW,True,2026-08-11 16:57:00,8VNWdQXNpvBbz2c1fykfMPczDzA3mnvxgSoaBfP5Vu9y  Thank you Rad,Verified account
@AYCRRYPT9we,9h9aRxeG3ynSDnrx9BqMTxgfzEMTwwCEWPmbGRTfU1nS,0.0010,54,2026-06-04 02:21:18,Yes,0,LOW,True,2026-08-11 21:05:00,9h9aRxeG3ynSDnrx9BqMTxgfzEMTwwCEWPmbGRTfU1nS,Verified account
@jegax_,9Syc9JnedXzEhkb8DuMn2DsAQDmCqusJt7BqF6VeGeJu,0.0009,100,2026-03-08 10:42:43,No,0,LOW,True,2026-08-11 18:53:00,Thank you king  9Syc9JnedXzEhkb8DuMn2DsAQDmCqusJt7BqF6VeGeJu,Verified account
@HashimA27173479,BK8pCGkhFVkWhQYNt2X2RBvECob8UaGxeCtgmmnzDxpc,0.0048,12,2026-05-13 13:46:21,No,0,LOW,False,2026-08-11 17:36:00,BK8pCGkhFVkWhQYNt2X2RBvECob8UaGxeCtgmmnzDxpc,
@alwayslovepjs,EH1vqxy9SnUsJgu9gi1BTnYAgagd6wus9xiMKT456bha,0.0009,2,2026-08-11 03:05:13,No,0,LOW,False,2026-08-11 17:15:00,LETSS G  EH1vqxy9SnUsJgu9gi1BTnYAgagd6wus9xiMKT456bha,
@yabesronii,6Atxgt4k4MniV4e18LBKS5gXXe8GUKz4Vmko1c1t1EQG,0.0011,100,2026-08-04 11:48:16,No,0,LOW,False,2026-08-11 18:29:00,First win?  6Atxgt4k4MniV4e18LBKS5gXXe8GUKz4Vmko1c1t1EQG,
@Mustaph97093101,Hd352wSxCD7bseU62x8z39zqahCtygxW8YZV3oAcPYA3,0.0045,27,2025-10-14 02:16:43,No,0,LOW,False,2026-08-11 17:08:00,Hd352wSxCD7bseU62x8z39zqahCtygxW8YZV3oAcPYA3,
@TaHT000,fa4JFjbBtaRSdSnUotxjEvBfEkUPpjvM8mVKc3Axmmq,0.0010,100,2025-09-18 13:59:07,No,0,LOW,False,2026-08-11 18:14:00,fa4JFjbBtaRSdSnUotxjEvBfEkUPpjvM8mVKc3Axmmq,
@softwuhv,J6zpvejxjKoJykJkX5K6PHhAFDdZyHZz21AxkLFxPJLg,0.0051,25,2025-06-01 03:44:45,No,0,LOW,True,2026-08-11 19:25:00,thank you rad!   J6zpvejxjKoJykJkX5K6PHhAFDdZyHZz21AxkLFxPJLg,Verified account
@Sandi5552013855,4SPfhUp11BuaThoMpcBAgiiyWZpSAHukhFcYfEQtsbas,0.0020,100,2026-06-25 19:50:59,No,0,LOW,False,2026-08-11 17:19:00,Can i get?  4SPfhUp11BuaThoMpcBAgiiyWZpSAHukhFcYfEQtsbas,
@sub_b00mer,2dmrr8LBDEkYorF5Jis7ZEa4Qx3C8PwDmvWhUoWGv828,0.0019,19,2025-02-12 14:25:56,Yes,0,LOW,False,2026-08-11 17:19:00,2dmrr8LBDEkYorF5Jis7ZEa4Qx3C8PwDmvWhUoWGv828,
@mulyonojo12,6QPGpBEDWSyDWBnPLQcqvHxjGbAuL9wnVYA8Sz7hSNMN,0.0009,100,2025-05-31 03:52:27,No,0,LOW,False,2026-08-11 23:39:00,6QPGpBEDWSyDWBnPLQcqvHxjGbAuL9wnVYA8Sz7hSNMN,
@Ntd1501,EWCcqBpJ7uwK674aJZG5VD4Txxev5FatR1y4KDVqChty,0.0012,100,2025-01-19 22:03:36,No,0,LOW,False,2026-08-12 03:08:00,EWCcqBpJ7uwK674aJZG5VD4Txxev5FatR1y4KDVqChty,
@mopidopee,5kx9HyCyKB2m19MjFNwaLyLnHkFQVsEq1PouwSjnS9Gj,0.0075,1,2026-08-09 13:52:15,No,0,LOW,False,2026-08-11 17:07:00,5kx9HyCyKB2m19MjFNwaLyLnHkFQVsEq1PouwSjnS9Gj,
@Faithfulonuth7,4k2psk5WnmiQtCPgzZ7yNN7GScLe1aM9jbjHEWV7mPX4,0.0392,100,2026-08-11 20:48:09,No,0,LOW,False,2026-08-12 01:20:00,4k2psk5WnmiQtCPgzZ7yNN7GScLe1aM9jbjHEWV7mPX4,
@jalindar55,3eMKZNR3CXjNMXeqfWgfHcz6ygHo2f4mxsu2XcjW9d64,0.0012,100,2026-07-12 15:24:36,No,0,LOW,False,2026-08-11 18:25:00,3eMKZNR3CXjNMXeqfWgfHcz6ygHo2f4mxsu2XcjW9d64,
@The_kid214,GLQmhHaRQqfSVgv5c9LGoN7ieZcHXHvZEB2AcSa3CBKZ,0.3177,100,2026-03-18 09:15:22,Yes,0,LOW,True,2026-08-11 17:16:00,GLQmhHaRQqfSVgv5c9LGoN7ieZcHXHvZEB2AcSa3CBKZ  Helo my bags bro 😭😭😭,Verified account
@bitcom01,BW1de6rF7YQFiefLC9veSYMZfE18BxHYT77jSdTy9kEm,0.0064,100,2026-08-01 13:01:54,Yes,0,LOW,True,2026-08-11 18:51:00,BW1de6rF7YQFiefLC9veSYMZfE18BxHYT77jSdTy9kEm It's Rad,Verified account
@Mason01x,9TrgM86PpYj5f4s8F2KJh4Vup6m5Rvjpe8rse9r2exRM,0.0124,100,2025-11-12 03:06:06,No,0,LOW,True,2026-08-11 16:38:00,Drop me bro   9TrgM86PpYj5f4s8F2KJh4Vup6m5Rvjpe8rse9r2exRM,Verified account
@WhishesBoy,3Sk4xFrQufhf7Z1xZx6kfi3ugjDGrvixLErmH2tKQnHf,0.0010,100,2026-03-10 22:28:27,No,0,LOW,True,2026-08-11 18:40:00,"Thanks rad ,lemme hold $ANSEM  3Sk4xFrQufhf7Z1xZx6kfi3ugjDGrvixLErmH2tKQnHf",Verified account
@vangoghsx,AgJjZqkLU4KCJbEJ55noFsvAC2kreRyeboaYk8M6HSai,0.2997,100,2026-06-21 15:45:07,No,0,LOW,True,2026-08-11 16:40:00,it seems only holders have a chance.  I'd hold if I had some too :(  AgJjZqkLU4KCJbEJ55noFsvAC2kreRyeboaYk8M6HSai,Verified account
@abiola_turner,END4iP51AaYBJrGSAJwQRv3YiRM6QQF8JtiBjnTsa9X3,0.1466,100,2026-05-30 12:49:17,No,0,LOW,True,2026-08-11 16:39:00,Please man Been so active  I’m gonna hold @RadTrades_   END4iP51AaYBJrGSAJwQRv3YiRM6QQF8JtiBjnTsa9X3,Verified account
@DegenFlOwX_,DoNeEnDz1MoPxmZmgyJCSdzGTdRu5MpqLYs614hGfVv5,0.0030,100,2026-07-09 12:34:24,No,0,LOW,True,2026-08-11 17:23:00,You’ve been an incredible support to the community  ❤️ Really appreciate everything you’ve done for us 🫶🏻 Hope you keep winning and have even more success ahead ✨  DoNeEnDz1MoPxmZmgyJCSdzGTdRu5MpqLYs614hGfVv5,Verified account
@DannyYhoung,AdrARjhz1UVXy3KAWPowPSEx4pSzCp2SwLkxJJ7ptCMy,0.0020,88,2025-12-05 09:59:38,No,0,LOW,True,2026-08-11 17:15:00,thanks Rad…would really appreciate a win here   AdrARjhz1UVXy3KAWPowPSEx4pSzCp2SwLkxJJ7ptCMy,Verified account
@Crypto_Hashira1,D9L8Uhsrks9UhKD3ATyeTX43eiobW9VkEVYc2Xk5sdwF,0.0185,99,2026-01-28 10:32:02,No,0,LOW,True,2026-08-11 16:41:00,Took $Ansem to the street I deserve an airdrop please 🙏🥺   D9L8Uhsrks9UhKD3ATyeTX43eiobW9VkEVYc2Xk5sdwF,Verified account
@vallerruyy_,H81oc3M2yVUemBZp7BHTkV46DF8zvHAwhAheXVP1tYN2,0.0070,100,2025-10-27 05:11:58,Yes,0,LOW,True,2026-08-11 19:09:00,couldnt resist a $ANSEM giveaway   H81oc3M2yVUemBZp7BHTkV46DF8zvHAwhAheXVP1tYN2,Verified account
@Regularboy04,9YaKQDDqCih68iqiXoY2mTvcikWDmAgp2MYDT91KoAue,0.0010,28,2026-07-13 15:30:25,No,0,LOW,True,2026-08-11 18:24:00,Following with Notis on  Can I win this ? Thank you @RadTrades_   9YaKQDDqCih68iqiXoY2mTvcikWDmAgp2MYDT91KoAue,Verified account
@Itsmeowluck,Fp8bMp1x4n7vCTTngCFdseu3q1eCn2mC8ZQx2Y7Y3ZPx,0.0010,20,2026-02-08 05:47:56,No,0,LOW,True,2026-08-11 22:47:00,"Thanks for blessing man , respect your kindness ❤️   Fp8bMp1x4n7vCTTngCFdseu3q1eCn2mC8ZQx2Y7Y3ZPx",Verified account
@Ogeg_,7Uq8Hkk5CBJVGAPjCGkzQSar1u9khf5DAuMoUjsyVwhn,0.0200,4,2026-07-16 16:41:09,No,0,LOW,True,2026-08-11 16:52:00,Thanks Rad  Wish me luck ♥️   7Uq8Hkk5CBJVGAPjCGkzQSar1u9khf5DAuMoUjsyVwhn,Verified account
@Feigures,2TCpNo5QDDzREbCsMet57P3XavMgxLv8tdK6AGyV8rxX,0.1374,100,2026-08-02 14:22:44,No,0,LOW,True,2026-08-11 16:47:00,2TCpNo5QDDzREbCsMet57P3XavMgxLv8tdK6AGyV8rxX  one of my many bullposts about solana:9cRCn9rGT8V2imeM2BaKs13yhMEais3ruM3rPvTGpump check my page you’d see   nitter.net/feigures/status/208713… been holding for 41 days as well,Verified account
@28blocboy,2e5xsjYs9P5YZrA36FMRiBwc8A8G7EyzWn4iNBvjLe1i,0.0010,100,2026-04-05 06:51:59,Yes,0,LOW,True,2026-08-11 21:03:00,"I’ve been supporting to you for a year plus now, seeing you giving out to a lot of people.. I appreciate and God bless you for always showing love to the community… I’ve never won from you before always been patient, I hope this can be my first win from you. Thank you and Goodluck to everyone     2e5xsjYs9P5YZrA36FMRiBwc8A8G7EyzWn4iNBvjLe1i",Verified account
@ptrskrarum,Ct3WzKyyRq7KhM1xKZbgFizvgEzErmrpVjZwsGFHQiGw,0.2189,100,2025-12-26 11:20:23,No,0,LOW,True,2026-08-11 16:56:00,Big love Rad   Ct3WzKyyRq7KhM1xKZbgFizvgEzErmrpVjZwsGFHQiGw,Verified account
@Mammoth_0x,GdSfvhvmAphmpPEk7gycPvtsea8No6TPjuSDv6sjL6Uo,0.0146,100,2026-03-29 18:38:05,Yes,0,LOW,True,2026-08-11 20:10:00,"I’ve held $ANSEM through red days  Never think of selling, i'm  optimistic about this one. Thank you @RadTrades_ ❤️🐂  GdSfvhvmAphmpPEk7gycPvtsea8No6TPjuSDv6sjL6Uo",Verified account
@kaponeOthello,84khGbmwF1GM94mMff1uCZWPXGunX8ypd2gY3G1L8hzi,0.0667,100,2026-04-09 12:52:33,No,0,LOW,True,2026-08-11 19:07:00,84khGbmwF1GM94mMff1uCZWPXGunX8ypd2gY3G1L8hzi,Verified account
@unknwnchris,GsfgbKJtXDSggfgS4gdGURcPHBoipnP27doyqi5UrTKX,0.0010,100,2026-02-05 18:50:00,No,0,LOW,True,2026-08-11 19:33:00,save me rad   GsfgbKJtXDSggfgS4gdGURcPHBoipnP27doyqi5UrTKX,Verified account
@omoadelion,7L3GRqzvdGXQMWL2LdVAzFRNGXQvSFZHijya8cdvF9nS,0.0009,3,2026-08-07 11:06:37,No,0,LOW,True,2026-08-11 16:57:00,7L3GRqzvdGXQMWL2LdVAzFRNGXQvSFZHijya8cdvF9nS,Verified account
@Justosinofweb3,ZmFe33Fzz1abhTMxaJMMhXNaq5MPG2CjV8cUKMZtXFW,0.1046,18,2026-08-06 15:10:07,No,0,LOW,True,2026-08-11 17:51:00,Hey 👋   ZmFe33Fzz1abhTMxaJMMhXNaq5MPG2CjV8cUKMZtXFW,Verified account
@Cryptopian87,AX2bRNshMo2cArCdgcaJUunFxingarjyyMh7d2ChvYeu,0.0131,100,2026-07-06 06:13:20,No,0,LOW,True,2026-08-11 16:50:00,AX2bRNshMo2cArCdgcaJUunFxingarjyyMh7d2ChvYeu,Verified account
@xSondor58,4GjWJYp3e8Sz9UcxuuMj3CTYynpioieu4GwWLYBiMYvg,0.1328,100,2026-08-02 02:50:56,No,0,LOW,True,2026-08-11 17:13:00,Thank youuu  4GjWJYp3e8Sz9UcxuuMj3CTYynpioieu4GwWLYBiMYvg,Verified account
@swagokala,6z6YJGn9iJgF3KPD8LzGryAupoH7jiDqoRCRWf9YqvD,0.0009,20,2025-04-08 04:28:59,No,0,LOW,True,2026-08-11 17:36:00,6z6YJGn9iJgF3KPD8LzGryAupoH7jiDqoRCRWf9YqvD,Verified account
@0xGKz,HsZNm1SfDmuDfoJyrV4TANcia6QNEzR41MDKe3Nybhrg,0.4027,100,2026-03-31 04:27:36,No,0,LOW,True,2026-08-12 00:20:00,HsZNm1SfDmuDfoJyrV4TANcia6QNEzR41MDKe3Nybhrg,Verified account
@ArtemKovalevsk3,E5DnCgb69iRg9xTFSPvoCidYT8MsPysJx8ypBLs7M6fT,0.0282,100,2026-05-20 12:18:30,No,0,LOW,False,2026-08-11 18:05:00,E5DnCgb69iRg9xTFSPvoCidYT8MsPysJx8ypBLs7M6fT,
@Lerexbt,LereopRG3EfUzwzLpKnSmuNU1d27K4XgxCigRd6R5TE,0.0010,100,2026-08-02 08:05:31,No,0,LOW,True,2026-08-11 16:38:00,LereopRG3EfUzwzLpKnSmuNU1d27K4XgxCigRd6R5TE  gimme,Verified account
@lonerfrmdao,8BAeBcJMqp1h5ak2w6RcZr3F6gQkWvWZtKj3RKZFBTF5,0.4469,63,2026-07-04 17:01:08,No,0,LOW,True,2026-08-11 16:45:00,Thank you goat 🤞  8BAeBcJMqp1h5ak2w6RcZr3F6gQkWvWZtKj3RKZFBTF5,Verified account
@unnimayaNavi,FUXX9cfNqwbxuCBcJb3w9PA4JGvwutgBqW21rQFp8YZ7,0.0015,4,2026-01-14 04:03:55,No,0,LOW,False,2026-08-11 17:24:00,FUXX9cfNqwbxuCBcJb3w9PA4JGvwutgBqW21rQFp8YZ7,
@0xMervin,Hn4pMnpTW9yJkjTDGVcPFpn1UJ72TDo54bjLQVKSuS1w,0.0010,100,2026-08-02 13:37:01,No,0,LOW,True,2026-08-11 16:58:00,just imagine win $ANSEM  Hn4pMnpTW9yJkjTDGVcPFpn1UJ72TDo54bjLQVKSuS1w,Verified account
@Herrn18,ED5MPkd4vAtmW33fv9YQhYV5L46gaS73Po8VYmpnkJi4,0.2514,30,2026-07-27 09:55:15,No,0,LOW,True,2026-08-11 16:38:00,ED5MPkd4vAtmW33fv9YQhYV5L46gaS73Po8VYmpnkJi4  Thanks you,Verified account
@parsa126128,AYvDVYu7wM22u4CA4ajLsK49t9GcxBkBuUM9QNipzwPG,0.0031,100,2025-10-02 12:37:49,No,0,LOW,False,2026-08-12 15:07:00,Hope I win   AYvDVYu7wM22u4CA4ajLsK49t9GcxBkBuUM9QNipzwPG,
@farhan_sheikh7,3RWpH7K8B2RbvWr2CpDMHjyp2MDTMYi7ScR6B82NmujJ,0.0009,22,2025-06-18 14:12:36,No,0,LOW,True,2026-08-11 17:36:00,Bless me   3RWpH7K8B2RbvWr2CpDMHjyp2MDTMYi7ScR6B82NmujJ  $SOL,Verified account
@RaqibulHossain,DSWq2WHB6dU7fyUC1uUkBawSvNwyyNBmWeFjGsaiS5Tq,0.0247,96,2021-04-28 06:30:12,No,0,LOW,False,2026-08-11 17:11:00,DSWq2WHB6dU7fyUC1uUkBawSvNwyyNBmWeFjGsaiS5Tq  Thanks,
@MARA_SUIG,6kxR8uVx3zdC6wLbaAqqkmR6wFSU4kc75qATGdTpTBNU,0.0087,79,2026-07-28 12:52:37,No,0,LOW,False,2026-08-11 17:15:00,6kxR8uVx3zdC6wLbaAqqkmR6wFSU4kc75qATGdTpTBNU,
@H3R1114N,9PMZAbPGRW7jaZYQiYddVuFJxWbhCxSHC7e94HU5LZzA,0.0078,100,2026-07-18 03:10:33,No,0,LOW,True,2026-08-11 16:39:00,9PMZAbPGRW7jaZYQiYddVuFJxWbhCxSHC7e94HU5LZzA  Thank you,Verified account
@christianah404,AuM8rJhPLPoNiicuiAQFkshkytmPVZv6yRfSE4EKCUSH,0.1006,100,2026-06-14 13:52:25,No,0,LOW,True,2026-08-11 16:46:00,send me some @RadTrades_   AuM8rJhPLPoNiicuiAQFkshkytmPVZv6yRfSE4EKCUSH,Verified account
@loxdotsol,GvmkJNRmhgNWy5revZNxU4KFy1YZH1a1ZdVRnkT14GEr,0.0010,100,2026-07-29 12:33:10,No,20,LOW,True,2026-08-11 16:40:00,GvmkJNRmhgNWy5revZNxU4KFy1YZH1a1ZdVRnkT14GEr  Thanks,Wallet submitted 2 times by the same account | Handle commented 2 times | Verified account
@Okpunyifavour,HmRY16Y6meAKNjiU4Wcc5k32fk1vKwbeuocmzajwBF4n,0.0394,100,2026-01-06 16:56:57,Yes,0,LOW,False,2026-08-11 19:34:00,I know one day I will know how a 🏆 win looks like. I will just keep showing up one day. Thank you king 👑 for always giving back to your actives.  Respect 🫡   HmRY16Y6meAKNjiU4Wcc5k32fk1vKwbeuocmzajwBF4n,
@wistin01,5cSDhi9gQvgiRmWYVg2uLT8zHAKAcN8H539bZC93RxaG,0.3064,82,2026-04-26 12:07:46,No,0,LOW,True,2026-08-11 16:40:00,"5cSDhi9gQvgiRmWYVg2uLT8zHAKAcN8H539bZC93RxaG  I believe 1 solana:9cRCn9rGT8V2imeM2BaKs13yhMEais3ruM3rPvTGpump will reach and surpass $5 , I’ll be holding as much $ANSEM as possible   thank you Rad",Verified account
@Patzifier,HzoKxs4mxedjTBE3CiJeF45zzfNUAWE8dNKp1HAbkVMy,0.0027,100,2025-11-03 09:43:09,No,0,LOW,False,2026-08-11 17:16:00,HzoKxs4mxedjTBE3CiJeF45zzfNUAWE8dNKp1HAbkVMy  🐐🐐🐐,
@meharg50,s2TsxGGS81fxPHXVmkrcGF5XC6335zntyTVc62Zbaxz,0.0016,4,2026-08-05 07:39:32,No,0,LOW,False,2026-08-11 16:51:00,ALWAYS SPORT YOU BUTT NEVER WIN   s2TsxGGS81fxPHXVmkrcGF5XC6335zntyTVc62Zbaxz,
@0viemuno,4zqGP6qKpgEpaeaBGKboWsVGT4v2Yzbo1fBa9T1dNADb,0.0010,55,2022-07-26 13:05:27,No,0,LOW,False,2026-08-11 16:48:00,4zqGP6qKpgEpaeaBGKboWsVGT4v2Yzbo1fBa9T1dNADb,
@Tessymanny,6Ju3BwoPkiFnr4tgifAhYqm2QzerZ2kHhF6y5wMkUXHW,0.0046,17,2026-06-25 10:58:50,No,0,LOW,False,2026-08-11 17:23:00,6Ju3BwoPkiFnr4tgifAhYqm2QzerZ2kHhF6y5wMkUXHW,
@SahrulHuda48156,ApyfESFkAKZAWE99A11bH1PBu4Z43aEHNrjDHiy3eFW9,0.0009,34,2026-06-02 22:30:09,No,0,LOW,False,2026-08-11 23:32:00,ApyfESFkAKZAWE99A11bH1PBu4Z43aEHNrjDHiy3eFW9,
@RexxieXBT,97YW1BU8A5oohJqKNTTgTgnw1u2dd2MAJ2E2t1Wg5toM,0.0013,29,2026-06-28 19:22:54,Yes,0,LOW,False,2026-08-11 17:23:00,Thanks Rad  97YW1BU8A5oohJqKNTTgTgnw1u2dd2MAJ2E2t1Wg5toM,
@BryanOBrien1028,AU6b6BGqzCRQnznEK8ZxLrEKz5akU7L3FVGep1sE9LuJ,0.0038,100,2025-05-14 11:57:19,No,0,LOW,False,2026-08-11 17:41:00,Choose me and you'll never regret 🫡  AU6b6BGqzCRQnznEK8ZxLrEKz5akU7L3FVGep1sE9LuJ,
@keshman705,AJuE4wAfZUZrPkXDAjAzjhGnNgrEnSmKdo9ob8ZBSLUg,0.0042,100,2025-09-23 06:59:47,No,0,LOW,False,2026-08-12 12:44:00,AJuE4wAfZUZrPkXDAjAzjhGnNgrEnSmKdo9ob8ZBSLUg,
@Ukajp170198,CkjoArYLHMituStMenGwvHjunbeamkJQGhK2Nnu9JeyU,0.7730,53,2026-08-07 09:44:54,No,0,LOW,False,2026-08-11 22:11:00,CkjoArYLHMituStMenGwvHjunbeamkJQGhK2Nnu9JeyU,
@Brando924Jp,96kNMBGjQ7YKcnhhgMgjWfngXb5M2fiygwpk5pjPFmXb,0.0084,100,2026-07-30 18:48:24,Yes,0,LOW,False,2026-08-11 17:07:00,96kNMBGjQ7YKcnhhgMgjWfngXb5M2fiygwpk5pjPFmXb  Help me,
@Jjilla1458,xYRPNQDf3WVxuKP9QousVvCsf89RRdPYAx6xiTgQwLL,0.0037,100,2026-08-12 03:11:25,No,0,LOW,False,2026-08-12 05:15:00,xYRPNQDf3WVxuKP9QousVvCsf89RRdPYAx6xiTgQwLL,
@akhil22638867,69dgNiiYZUBQa67CgWH5xxkE74ufTCttk4baN8UDr8oT,0.0018,28,2026-01-14 01:32:19,No,0,LOW,False,2026-08-11 17:11:00,69dgNiiYZUBQa67CgWH5xxkE74ufTCttk4baN8UDr8oT,
@kikidotsol,3bM73tYjrVy1nfT2paANuPPEtn31JAs9iZFSyLnMppqK,0.0024,100,2026-03-01 17:10:38,No,0,LOW,False,2026-08-11 21:29:00,Tysm rad! Will buy blue tick if i win  3bM73tYjrVy1nfT2paANuPPEtn31JAs9iZFSyLnMppqK,
@Unclejayy01,buD17A1BbuRutRPc5BCy7wKapn3EuZGHTRT2Zeduu2t,0.0049,100,2025-12-12 12:41:57,Yes,0,LOW,False,2026-08-11 17:45:00,buD17A1BbuRutRPc5BCy7wKapn3EuZGHTRT2Zeduu2t  Respect the grind,
@wcrypto137,HycUD8w2y6eUB1joNnVLjTrNBfXbqxunNxLZ4N1S9Cjb,0.0137,100,2025-12-29 23:38:56,No,0,LOW,True,2026-08-11 17:18:00,HycUD8w2y6eUB1joNnVLjTrNBfXbqxunNxLZ4N1S9Cjb,Verified account
@fwmaverickk,F5vMMf5SQq1VXyGwZ9ZoRRG2P4zXLrivw6mcq9fRE9ko,0.0089,100,2026-07-20 02:22:25,No,0,LOW,True,2026-08-11 16:38:00,thank you so much Rad  F5vMMf5SQq1VXyGwZ9ZoRRG2P4zXLrivw6mcq9fRE9ko,Verified account
@Ocee_3,2nVhNQN9sWA1B5y1tvusnivxHWJ1BXUFd7mRH1b9Rwcs,0.0083,100,2025-11-14 06:55:17,No,0,LOW,True,2026-08-11 16:45:00,thank you Rad   2nVhNQN9sWA1B5y1tvusnivxHWJ1BXUFd7mRH1b9Rwcs,Verified account
@ThegreatFLOD,7eUmzyaEG4st18vW7vyRqN18eohv1wgiyCNVa3pcoTAk,0.0035,100,2025-08-29 03:29:55,No,0,LOW,False,2026-08-11 19:42:00,Thank you  7eUmzyaEG4st18vW7vyRqN18eohv1wgiyCNVa3pcoTAk,
@agassi_35,3FK8kVpejMbdWAHGVBfJMCAVj5vXDgN43zLUC4oeyfsN,0.5822,60,2025-04-24 16:44:14,No,0,LOW,False,2026-08-11 17:23:00,3FK8kVpejMbdWAHGVBfJMCAVj5vXDgN43zLUC4oeyfsN  Thank you 🙏,
@zeda_king,BvGPWHYLvTMbjr452YqY1EWmJFi8VtmoCH3miYNCTghm,0.0588,100,2026-03-08 16:13:10,Yes,0,LOW,False,2026-08-11 18:22:00,BvGPWHYLvTMbjr452YqY1EWmJFi8VtmoCH3miYNCTghm  This will be more than appreciated @RadTrades_,
@anshshah0900,AFQDe3i9PULxxnyax86yuc5Y2zEiBmuGFY1JSf2k1B7z,0.0027,27,2025-09-09 00:18:42,No,0,LOW,False,2026-08-11 20:19:00,Appreciate you actually looking out for the people who support you.I am also trying brother plz notice  AFQDe3i9PULxxnyax86yuc5Y2zEiBmuGFY1JSf2k1B7z,
@HriddhanM,BHN8baCvFcrwEuLHvshBrhJQjAwvRZ1o1DJgaF7rs9br,0.1100,100,2025-09-16 15:52:07,No,0,LOW,False,2026-08-12 08:35:00,I want to start my trading journey brother I know you from a very long time see you bless so many people hope I have also got some of it BHN8baCvFcrwEuLHvshBrhJQjAwvRZ1o1DJgaF7rs9br,
@DPhoenix_d,71SoeKUmceTwrrpTUiWRSzBNpRKY7pEzKMCn76KLyLSQ,0.0569,100,2026-05-24 19:53:23,Yes,0,LOW,True,2026-08-11 17:19:00,Would really appreciate a win…  71SoeKUmceTwrrpTUiWRSzBNpRKY7pEzKMCn76KLyLSQ,Verified account
@Saad_Rajpoot08,6mX5qQQxZBLXQJdEZZND4c1bkbHwtTVQp5WHcbH2bFrS,0.0057,64,2025-11-03 17:37:04,Yes,0,LOW,False,2026-08-11 22:53:00,6mX5qQQxZBLXQJdEZZND4c1bkbHwtTVQp5WHcbH2bFrS,
@CYpRuS_0,2qpvNF4EfZ1NeP3GrJk59mUaMPW2obJEAniE5BELFDgt,0.0220,46,2024-07-20 07:04:02,No,0,LOW,True,2026-08-11 16:38:00,2qpvNF4EfZ1NeP3GrJk59mUaMPW2obJEAniE5BELFDgt   Thank you @RadTrades_   I will really appreciate it,Verified account
@pathezzy,7H8Hgfu5dSR915XTikERGDUVScnzTvCGWoC9LZtPUNuP,0.0010,100,2026-05-24 09:15:06,No,0,LOW,True,2026-08-11 18:53:00,Save me .   7H8Hgfu5dSR915XTikERGDUVScnzTvCGWoC9LZtPUNuP,Verified account
@Underdvg_,GNpoo4S9YczZU9zkWxUaksxhY9pmqAC6xuCWa6oJER2N,0.0065,100,2025-11-06 10:01:43,Yes,0,LOW,True,2026-08-11 16:46:00,Thank you for doing this. 🤍  GNpoo4S9YczZU9zkWxUaksxhY9pmqAC6xuCWa6oJER2N,Verified account
@amaloversclub,Ghxnf3hc9SUPh69MdR6KxV9MPNofbvdJ5t79MTKEvqrb,0.0154,13,2026-08-03 06:22:14,No,0,LOW,True,2026-08-11 17:05:00,Ghxnf3hc9SUPh69MdR6KxV9MPNofbvdJ5t79MTKEvqrb  Hope am not late to the Part Y,Verified account
@ifwraviel,AGV8qxjuWHok11CsqysjS1N1jQL2j7jRGpJgMGuJJmxu,0.0023,100,2026-08-10 09:27:38,No,0,LOW,True,2026-08-11 16:42:00,I’m here Rad. I would give back to the community if you see me brother.   AGV8qxjuWHok11CsqysjS1N1jQL2j7jRGpJgMGuJJmxu,Verified account
@AgonW3,77Tz3VmJDitEJZ7rL2u1Fx5B3MPwt4a2sNEnYgpmRFFV,0.0036,100,2026-05-22 01:15:35,No,0,LOW,True,2026-08-11 16:38:00,When airdrop me Daddyyyyyyyyyyy   77Tz3VmJDitEJZ7rL2u1Fx5B3MPwt4a2sNEnYgpmRFFV   Stay blessed always @RadTrades_,Verified account
