Handle,Wallet,IsVerified,TweetTimestamp,CommentText,TweetURL
"@Web3Balo","6yYouEdVuDLuzuQH66dQHYsg6Jfwn4xv1UFiQzprG4fc","TRUE","2026-08-11T17:33:00.000Z","Bro you guys are so much we dont know real from fake but anyways I'd drop and see :)  6yYouEdVuDLuzuQH66dQHYsg6Jfwn4xv1UFiQzprG4fc",""
"@JamesHam1146042","3QNpChCy1E1YQz4U1UwHvtjAbjfTT2UkpbyvxMBWsrHQ","TRUE","2026-08-11T17:45:00.000Z","3QNpChCy1E1YQz4U1UwHvtjAbjfTT2UkpbyvxMBWsrHQ",""
"@Pokesol11","8LdSFpzFKrrVZk6fKdn4BetMPPZKeRVMFjt6RQAnSDRF","TRUE","2026-08-11T19:00:00.000Z","Would love to be one of the two 🫡 Been supporting the journey and would put the $ANSEM to good use  8LdSFpzFKrrVZk6fKdn4BetMPPZKeRVMFjt6RQAnSDRF",""
"@911Caffe","7UsvTrM8dCHLvFJQBwrxkki5nmYAxAAraaNwaA6p4zUU","TRUE","2026-08-11T17:35:00.000Z","SEND IT 🔥🔥 Here for the culture and the bag  LETS GOOO RAD 🔥  7UsvTrM8dCHLvFJQBwrxkki5nmYAxAAraaNwaA6p4zUU",""
"@Father000x","8QKRvM8TT2ysLPEt5yCr7h4eALJR5w1m48YTSGm6GeAd","FALSE","2026-08-11T21:02:00.000Z","Being a father of 2 beautiful kids. This is a big help from us. My income is not enough to support my kids this school year. it means a lot to me as a father to win this.  Thank you! May you always win in your life legend @RadTrades_  8QKRvM8TT2ysLPEt5yCr7h4eALJR5w1m48YTSGm6GeAd",""
"@acethegre4t","J6Hkid79GqfhtYMKReJXswJrYDkEBqSV5pq9JGATScca","TRUE","2026-08-11T17:09:00.000Z","I VOLUNTEER MYSELF.  MY WALLET IS TIRED BEING O. OO  J6Hkid79GqfhtYMKReJXswJrYDkEBqSV5pq9JGATScca",""
"@MoeeR87","84bnVgRSQjfvSjyaMWUpPxYcVuGnjAfxpNKyFhB6y7Tg","TRUE","2026-08-11T19:06:00.000Z","would love to have some $ANSEM   84bnVgRSQjfvSjyaMWUpPxYcVuGnjAfxpNKyFhB6y7Tg",""
"@mosope03","99sRKkXbS3xP9cgabiq1bxvFvmeR1fSMnt3rWvaLbjED","TRUE","2026-08-11T17:44:00.000Z","I show up daily, does that makes the cut ?   99sRKkXbS3xP9cgabiq1bxvFvmeR1fSMnt3rWvaLbjED",""
"@dpXmaki","AWc8qV1d1afYV6QP5gEECxnZNQwomGfGefTpKh2ScpZ3","TRUE","2026-08-11T17:04:00.000Z","thank you Rad, I've been active yeah  AWc8qV1d1afYV6QP5gEECxnZNQwomGfGefTpKh2ScpZ3",""
"@BENOY017","6vXUmnJMKwaiEH85uJQXtZ353o3UBR4yVv18MzqvRhGR","TRUE","2026-08-11T17:28:00.000Z","Bro @RadTrades_  I have nvr receive any $ANSEM to my wallet can u pls change that plssss🙏🙏  6vXUmnJMKwaiEH85uJQXtZ353o3UBR4yVv18MzqvRhGR",""
"@cheesetiano","HW6Rbhu14i6fE88RoqhHQq7SPFj2C6jvtzs3UtLzKzwj","TRUE","2026-08-11T17:09:00.000Z","That’s so rad of you   HW6Rbhu14i6fE88RoqhHQq7SPFj2C6jvtzs3UtLzKzwj",""
"@dagecrypto","87ioPtFcvoLwCVmoxxsgEtykKiATcngHZd9uNC3g3qYz","TRUE","2026-08-11T17:14:00.000Z","I would be kinda chic if I held 1000 $ANSEM   87ioPtFcvoLwCVmoxxsgEtykKiATcngHZd9uNC3g3qYz",""
"@organicryptoyyc","C4ywHK4KzM3acJv7igwfk4ddi77oUhBinZ2N8tuVEk1z","TRUE","2026-08-12T01:43:00.000Z","C4ywHK4KzM3acJv7igwfk4ddi77oUhBinZ2N8tuVEk1z Gave ya a follow fren",""
"@silentmonrch","44h6hZN9a5HimACyCTVc4fgDZctVGosEAbTvk5ptrCQU","TRUE","2026-08-11T17:03:00.000Z","Is a newbie Eligible to hold $ANSEM?   44h6hZN9a5HimACyCTVc4fgDZctVGosEAbTvk5ptrCQU",""
"@Aventis7","7LE6tF5jAwX8C5fYQNWPZXzZcWbzToCoMczHFHstqD4M","TRUE","2026-08-11T20:19:00.000Z","7LE6tF5jAwX8C5fYQNWPZXzZcWbzToCoMczHFHstqD4M",""
"@Browmsky","EJMnF5MMkVqTA2f64biCPE8LwMMpWYgarLsjr9jm74e9","TRUE","2026-08-11T16:58:00.000Z","imagineeeee, I'll keep dreaming   EJMnF5MMkVqTA2f64biCPE8LwMMpWYgarLsjr9jm74e9",""
"@FridjofMenting","7vfk4zN8zTvUs9kdartXLJywNTL3WaSvjHF1aL2f2mkt","TRUE","2026-08-11T16:50:00.000Z","7vfk4zN8zTvUs9kdartXLJywNTL3WaSvjHF1aL2f2mkt $ANSEM time",""
"@Lingard010","FFAq76erc5eBK4peZKjFjJwV5DHpFUjxVF5L2BdRBNQ3","TRUE","2026-08-11T16:46:00.000Z","If luck is a numbers game, I’m definitely putting in the reps  FFAq76erc5eBK4peZKjFjJwV5DHpFUjxVF5L2BdRBNQ3",""
"@dasaniCR","EowmiXvP33byMSYHuvp35sNCUbWhn2XgQoV99j4qGJvq","FALSE","2026-08-11T16:51:00.000Z","EowmiXvP33byMSYHuvp35sNCUbWhn2XgQoV99j4qGJvq",""
"@bhanupartapsinh","BhR4H3Lm1P3ZtEvk4HsBcs5baUJCCVhbCPB9a716ZPue","FALSE","2026-08-11T17:03:00.000Z","Hoping BhR4H3Lm1P3ZtEvk4HsBcs5baUJCCVhbCPB9a716ZPue",""
"@starnutss","HGR14kfumxaqNXUM2Kp2e2G47HFSjT45pXHCpsiy1dtc","TRUE","2026-08-11T17:08:00.000Z","thank you goat  HGR14kfumxaqNXUM2Kp2e2G47HFSjT45pXHCpsiy1dtc  Never held any ansem",""
"@Willlyy11","7Vk43bDRWduxfK5Mpx6LR8a3fV2TjY86DPD7SRRHu94Z","TRUE","2026-08-11T17:07:00.000Z","7Vk43bDRWduxfK5Mpx6LR8a3fV2TjY86DPD7SRRHu94Z   Thank you Rad",""
"@Belloagain","EpW3xpQ73UjdkTuc1S8n2UwUsTxyEJPzKvQ1fAJ4ztwK","TRUE","2026-08-11T20:25:00.000Z","Didn't get any airdrop from Ansem  Maybe you'd make my wish come true   EpW3xpQ73UjdkTuc1S8n2UwUsTxyEJPzKvQ1fAJ4ztwK",""
"@Nybuzi","3eR5fGhimtPoykjuJmyqgGiH9uPivS8EXFnA3tduPsDZ","TRUE","2026-08-11T17:09:00.000Z","3eR5fGhimtPoykjuJmyqgGiH9uPivS8EXFnA3tduPsDZ",""
"@siennapo1","J7o1vryhC4d9gHVFkspjsBGuSpgytNkvEtDt26LLpCiZ","FALSE","2026-08-11T17:46:00.000Z","Waking up every day like:  “Please God… let today be the day I finally win   J7o1vryhC4d9gHVFkspjsBGuSpgytNkvEtDt26LLpCiZ",""
"@Vickysolarchive","A6zwfSa9NhCWCdfc3JpvsvCy4rhzpEzMw4gnjaQCmoE7","TRUE","2026-08-11T16:38:00.000Z","A6zwfSa9NhCWCdfc3JpvsvCy4rhzpEzMw4gnjaQCmoE7   Thank you so much❤️",""
"@____danerous__","AEfRQFaUjoYit274CrdGT5dpw6jcu7VojLEaCewpRYHM","FALSE","2026-08-11T17:26:00.000Z","AEfRQFaUjoYit274CrdGT5dpw6jcu7VojLEaCewpRYHM  Thanks legend 🙏 🙌🏾",""
"@mastaeagle","3jWxWgXDnWA8dazRkaLQAJaNDsyAEMB1EycNKb6g6NNC","TRUE","2026-08-11T17:09:00.000Z","3jWxWgXDnWA8dazRkaLQAJaNDsyAEMB1EycNKb6g6NNC",""
"@whuttttzzz","KeedNxkMGYYmWiabStWmkrnaG6CR12xjZNY2QZEETp9","TRUE","2026-08-11T17:35:00.000Z","KeedNxkMGYYmWiabStWmkrnaG6CR12xjZNY2QZEETp9",""
"@Syntheraioyv","AFHwcq6r8AVhNaJkbPvEneFZpPt9GApBYkxQkN7Fhju9","TRUE","2026-08-11T21:34:00.000Z","For real?  AFHwcq6r8AVhNaJkbPvEneFZpPt9GApBYkxQkN7Fhju9",""
"@Saouristas2024","CPRhxMgjw1ouMjXCcZN8cP7nvwKenHWvL547HxutHJmS","FALSE","2026-08-11T21:36:00.000Z","CPRhxMgjw1ouMjXCcZN8cP7nvwKenHWvL547HxutHJmS",""
"@afeez_olabisi","A3vbusS75GDVWM9qecsNwHn6wkhip3gST21YwLty3oRB","TRUE","2026-08-11T17:12:00.000Z","A3vbusS75GDVWM9qecsNwHn6wkhip3gST21YwLty3oRB  Thanks in anticipation, Rad. 🙏",""
"@SirSea420","9cRCn9rGT8V2imeM2BaKs13yhMEais3ruM3rPvTGpump","FALSE","2026-08-11T18:41:00.000Z","May I hold some solana:9cRCn9rGT8V2imeM2BaKs13yhMEais3ruM3rPvTGpump   BfS7udQwoNktH7wXp1yTFgaSC4erqdB7C9KhsJgqevSt",""
"@i_amkingdavo","DXg8PuQwnUF5Y7PWhmMoR6k793Vn1bHccyvP5B8izfdy","TRUE","2026-08-11T17:12:00.000Z","DXg8PuQwnUF5Y7PWhmMoR6k793Vn1bHccyvP5B8izfdy  Thank you Rad <3",""
"@BlakStatus","AuRqSebv5hSFgKQkiqhHkBzbqQ1B6BbqrsfMYVgq4zp1","FALSE","2026-08-11T17:29:00.000Z","AuRqSebv5hSFgKQkiqhHkBzbqQ1B6BbqrsfMYVgq4zp1  Thanks man🫡 Really appreciate",""
"@rockergandalf","5ABzq6UCuj4x2WecA6XbJhKiYugLMABnPsjdTzBAGWTR","TRUE","2026-08-11T17:30:00.000Z","I'd love to begin my $ANSEM journey!  5ABzq6UCuj4x2WecA6XbJhKiYugLMABnPsjdTzBAGWTR",""
"@UlanWater","2QNsysQj3Nsnds4KrDwC3HrvKx6JdKNH7UeWu2WXvtEC","FALSE","2026-08-11T17:12:00.000Z","For being a Supporter of $ANSEM I will HODL it @RadTrades_ .  2QNsysQj3Nsnds4KrDwC3HrvKx6JdKNH7UeWu2WXvtEC",""
"@MystiqueTh9831","AQN17mLMvFJdGGsrgecuYn9zRunr5ozVctPyGR7HEPi8","FALSE","2026-08-11T17:47:00.000Z","AQN17mLMvFJdGGsrgecuYn9zRunr5ozVctPyGR7HEPi8  I hope I get this $ANSEM",""
"@ArchieHigins_06","H1JQFgjSw1ZVtNB9bmWf8dCJyFhXdvhWsZfS1XmbULsc","FALSE","2026-08-11T18:41:00.000Z","H1JQFgjSw1ZVtNB9bmWf8dCJyFhXdvhWsZfS1XmbULsc  Thanks for the giveaways",""
"@DelnFin","5QXsCtdbnnwDpjRgKRyT1jQjuNPv8Kyc8gSnfkr1uH59","FALSE","2026-08-11T17:19:00.000Z","I dont have $Ansem yet but if I have one I will hodl it till it reach million holders💜  5QXsCtdbnnwDpjRgKRyT1jQjuNPv8Kyc8gSnfkr1uH59",""
"@4chainz_z","7MwZnZLFkfWdWdqwcvWRrS6SU8fZtPk8apvxaYgQCQjT","FALSE","2026-08-11T17:01:00.000Z","7MwZnZLFkfWdWdqwcvWRrS6SU8fZtPk8apvxaYgQCQjT",""
"@VeryRuthlesss","hMLe1SNeqoTfdszFD2fJFtrf1DNQvoKdjn2zLhYpurC","TRUE","2026-08-11T17:25:00.000Z","hMLe1SNeqoTfdszFD2fJFtrf1DNQvoKdjn2zLhYpurC  Thanks so much King🙏",""
"@evikraNtt","6k3NMZcyFh8hE27mnwF23DDJsM9F4F9WNbDpo6bzXQMm","FALSE","2026-08-11T17:08:00.000Z","6k3NMZcyFh8hE27mnwF23DDJsM9F4F9WNbDpo6bzXQMm",""
"@CaszSarmiento","9cnwhq7xzkcYTgr4cK7jKaHzDN3D1tDHLwEKi2nBL9GD","TRUE","2026-08-11T20:18:00.000Z","When me? Thank you Rad <3   9cnwhq7xzkcYTgr4cK7jKaHzDN3D1tDHLwEKi2nBL9GD",""
"@MALWARE_999","J9hLNEBNNyWEtncwBL3WtwPMrt5B4iSPX9kmiiL5Sj5K","FALSE","2026-08-11T17:06:00.000Z","Is this for real? 😯😯😯   Thanks rad ❤️  J9hLNEBNNyWEtncwBL3WtwPMrt5B4iSPX9kmiiL5Sj5K",""
"@isbburger","9E4JMp9CtRkZLcd1wNQX9G2oikNxA6ZWJAmoRoi3E96P","FALSE","2026-08-11T16:52:00.000Z","man Gotta be Me I would really appreciate it holding since 43 days   9E4JMp9CtRkZLcd1wNQX9G2oikNxA6ZWJAmoRoi3E96P",""
"@vaegarsol","9rRd3rZFW5KYtJ8BGoGwgzn1pVAT6fUHTfVyD5q9TWSq","FALSE","2026-08-11T16:55:00.000Z","9rRd3rZFW5KYtJ8BGoGwgzn1pVAT6fUHTfVyD5q9TWSq",""
"@Layiszn","CLp9zwKVMdLiw2hgSP2s58Hj4wsvEQdsU5J5wX7xQLTf","TRUE","2026-08-11T17:05:00.000Z","Come clutch for me   CLp9zwKVMdLiw2hgSP2s58Hj4wsvEQdsU5J5wX7xQLTf  Bagworkers here",""
"@Paradise_G0","7TAfQsBBUGt53grGtVdNr5NTgDmZ53MosKFVmCFLENHr","FALSE","2026-08-11T17:04:00.000Z","Manifesting bro  7TAfQsBBUGt53grGtVdNr5NTgDmZ53MosKFVmCFLENHr",""
"@Defibrains","5tPRMedfohAADaGZMnhdCyUn39nz4DEpZwRKJMh9hW8i","FALSE","2026-08-11T17:09:00.000Z","First time seeing your posts but lemme try my luck 🤞  5tPRMedfohAADaGZMnhdCyUn39nz4DEpZwRKJMh9hW8i",""
"@Lovelineledu","Dkte3EMfiCWRG5nq5StQjYj4R8scdtAxwfCj1wcRH8qs","FALSE","2026-08-11T16:59:00.000Z","Dkte3EMfiCWRG5nq5StQjYj4R8scdtAxwfCj1wcRH8qs   $ANSEM",""
"@Yuskid22","J45uvVFHzNCNiK2qEHW7nBwfLvDztsS3PSe9QPa2dxVW","FALSE","2026-08-11T17:22:00.000Z","J45uvVFHzNCNiK2qEHW7nBwfLvDztsS3PSe9QPa2dxVW  Let me have this W Boss 💯🙏",""
"@Arm_strong0x","6H3es6AqX59d1Kda3DxzoYNzLdpWAqX4vabU184jBeSN","TRUE","2026-08-11T17:00:00.000Z","You don't hold enough $ANSEM   Can you change that fam?  6H3es6AqX59d1Kda3DxzoYNzLdpWAqX4vabU184jBeSN",""
"@theshoo3","DEe1bCoRNqVNKwigAPzqQ1hgZReG3voU27PkMdG9Qmr9","FALSE","2026-08-11T17:13:00.000Z","DEe1bCoRNqVNKwigAPzqQ1hgZReG3voU27PkMdG9Qmr9",""
"@vengance24","GdfMjrFLqdo2CVL2uybUE8bgx1vTPzzTN4MpCwGTHnfZ","TRUE","2026-08-11T16:43:00.000Z","GdfMjrFLqdo2CVL2uybUE8bgx1vTPzzTN4MpCwGTHnfZ  Choose me rad need to hold $SNSEM  i dont want to miss out",""
"@webbegginner","2TasfeYZGXk6tdJuBU4qmzjq2UpEPWAaM5zqg8QyJLkW","TRUE","2026-08-11T16:47:00.000Z","2TasfeYZGXk6tdJuBU4qmzjq2UpEPWAaM5zqg8QyJLkW  Been holding since man. Increase my hold",""
"@prettyhinata67","4m6b6rdevkqyKJLkSkWVhmdwGnaVCUVLE6yxkCfbjaS2","TRUE","2026-08-11T16:40:00.000Z","You see me 😀   4m6b6rdevkqyKJLkSkWVhmdwGnaVCUVLE6yxkCfbjaS2",""
"@Brainybtc","CDmZfpPXv2nqXyQ9QabZkjgVSWGuh47bXRqGnzgSVw1g","TRUE","2026-08-11T18:26:00.000Z","CDmZfpPXv2nqXyQ9QabZkjgVSWGuh47bXRqGnzgSVw1g  First $ANSEM airdrop king",""
"@xDayLive8","9apNCFyeEzRKeDZ8wpRZvKh7ig8WuxQo8FJ1mJDiQkEA","TRUE","2026-08-12T10:43:00.000Z","♥️♥️  9apNCFyeEzRKeDZ8wpRZvKh7ig8WuxQo8FJ1mJDiQkEA  Thank You!⭐️:)",""
"@JayTheWinnerX","CAbKcA4WFra8EHngk3LrcveeoXkd1YNKfKKUkSvngchj","TRUE","2026-08-12T06:26:00.000Z","Appreciate the consistent energy and the way you actually give back to people supporting you, Rad. Been following the $ANSEM thesis hard the Black Bull narrative, Ansem’s wallet concentration + ongoing distributions, the community takeover angle, and the push toward millions of holders instead of just another short-lived meme. Your recent takes on the sidelined crowd waiting for the breakout and the path outside CT to bigger numbers land clean. Solid work building and sharing alpha while still throwing $100 bags to real supporters.  Here’s mine:  CAbKcA4WFra8EHngk3LrcveeoXkd1YNKfKKUkSvngchj  Respect 🐂",""
"@jiggyarc","6Jh7HWgev6ta17nTVyC9rfGwBe2tkJ249vTgozwqrMN7","TRUE","2026-08-11T16:39:00.000Z","ohh thank you rad👏❤️  6Jh7HWgev6ta17nTVyC9rfGwBe2tkJ249vTgozwqrMN7",""
"@dfw_Pearls","7wRcoNXjqWuFqrW3ddL5kN4uCJw4d7nbjPRHn9xj887r","TRUE","2026-08-11T19:00:00.000Z","7wRcoNXjqWuFqrW3ddL5kN4uCJw4d7nbjPRHn9xj887r  Bless me Rad🙏🏽🙏🏽",""
"@SolanaHQ_1","G4resQNunB4Zx5x2A6RhMbxVAvPjcFpm1BHd2cNQVb2y","TRUE","2026-08-11T18:58:00.000Z","Love seeing the support come back around 👀🫶 $100 in $ANSEM for two more people is a solid gesture. Dropping my SOL address and wishing the other entrants good luck too! 🫡🍀  G4resQNunB4Zx5x2A6RhMbxVAvPjcFpm1BHd2cNQVb2y",""
"@Manonsol_","Cuoirrt9HoRBywo87ANbAafA7AyUaSfsCbYa6P8BPicF","TRUE","2026-08-11T17:18:00.000Z","I promise to hold till 1b  Cuoirrt9HoRBywo87ANbAafA7AyUaSfsCbYa6P8BPicF",""
"@Trixxalt11","F9QWaL1cqPuxc5Szg9qw61CJcAPtmwVHaJZYX4rg5kAL","TRUE","2026-08-11T21:01:00.000Z","Thanks rad F9QWaL1cqPuxc5Szg9qw61CJcAPtmwVHaJZYX4rg5kAL",""
"@Lucky_germilbv","5ZJ7dXyx3ha4Cc1C3w9U33HrE5Y6RTCRuMEK5NMdcbC1","TRUE","2026-08-11T19:36:00.000Z","Thanks @RadTrades_   Sol addy 5ZJ7dXyx3ha4Cc1C3w9U33HrE5Y6RTCRuMEK5NMdcbC1",""
"@IamtayoT","Hm24nEnb8nERykLyogJxXBfHbaf3vzdPUnXTbB38b8eW","TRUE","2026-08-12T13:58:00.000Z","Hm24nEnb8nERykLyogJxXBfHbaf3vzdPUnXTbB38b8eW  Thank you",""
"@breadnbeans01","5xW6PH5JYoTKVZhgHQ8qyUHTmnwSUQLsW9bH81jnKWry","TRUE","2026-08-11T17:06:00.000Z","Would love to add more to my tiny bags. I’m always supporting and bagworking everyday Luke   5xW6PH5JYoTKVZhgHQ8qyUHTmnwSUQLsW9bH81jnKWry",""
"@Kryptoguy1_0","S3uaJLE1JyTrSutS39PVxWxJkwvKNcmiKJSzSNkoueP","TRUE","2026-08-11T16:51:00.000Z","Thank you 🙏   S3uaJLE1JyTrSutS39PVxWxJkwvKNcmiKJSzSNkoueP",""
"@Ryxxdot","FtuTSRgcSCCD2d1eHbUEURzyXkkv3xkehz8GHhakm7vR","TRUE","2026-08-11T17:16:00.000Z","Thanks rad  FtuTSRgcSCCD2d1eHbUEURzyXkkv3xkehz8GHhakm7vR",""
"@Drey6_5","8rRoNsetq1UV58znkbpNxe9zbXtXEfTTWMurzq2VwpZ9","TRUE","2026-08-11T16:40:00.000Z","SOL ADDRESS   8rRoNsetq1UV58znkbpNxe9zbXtXEfTTWMurzq2VwpZ9",""
"@Wholashile","7VqXRwTCjZhpinfzFYRWj4BsVxzgwqmXfR1NydLH7QmA","TRUE","2026-08-11T16:44:00.000Z","I’ve notifications on all the time and I always engage with all of your tweets and all, if you check my page it says it all that I’m a bagworker   7VqXRwTCjZhpinfzFYRWj4BsVxzgwqmXfR1NydLH7QmA",""
"@Taofeek2_QBX","5HS4vuwAs5aQYUphWtq154VBMViFGjQANdeMgtufRwbD","TRUE","2026-08-11T20:58:00.000Z","I'm always active and showing up Rad🙌 Let me hold this $ANSEM with diamond limbs 🙌💎🙌  5HS4vuwAs5aQYUphWtq154VBMViFGjQANdeMgtufRwbD",""
"@Isagi_barou","H9JfUpVhLruwgZu2CnD4mhpwoaZxPxKGi6GvnDRpmfSY","TRUE","2026-08-11T19:29:00.000Z","I love when people choose to give back when things are going well for them. It says a lot about the person behind the wins.  I haven't had much luck with giveaways myself, but I'd genuinely appreciate the blessing if you decided to pick me. ❤️  H9JfUpVhLruwgZu2CnD4mhpwoaZxPxKGi6GvnDRpmfSY",""
"@Junomode","7cZ4QsN1uZjMyQCJA4pkt5AXR59nPpHkrEBEaQvvodyz","TRUE","2026-08-11T22:07:00.000Z","can juno win ?  7cZ4QsN1uZjMyQCJA4pkt5AXR59nPpHkrEBEaQvvodyz",""
"@IzMario2","CGPt9WvLxHtCK6fnfEo93i143ZJkqgvXgSPx8c7K2oeS","TRUE","2026-08-11T16:39:00.000Z","CGPt9WvLxHtCK6fnfEo93i143ZJkqgvXgSPx8c7K2oeS",""
"@luckyshaneee","FkJgP73vpq1YYLgT2HdgmTkDNT3xWkp6uKY57fMRErpc","TRUE","2026-08-11T17:40:00.000Z","hoping to hodl $ANSEM for the first time 🍀🤞 thank you for the chance, legend @RadTrades_! ♥️  FkJgP73vpq1YYLgT2HdgmTkDNT3xWkp6uKY57fMRErpc",""
"@Kellyofweb3Alt","FUuzRJjQRVxnLvW6Dfp9k3MVpZZfx9jnTbwQ4NaRMZDr","TRUE","2026-08-11T18:27:00.000Z","Thank you king RadTrades   FUuzRJjQRVxnLvW6Dfp9k3MVpZZfx9jnTbwQ4NaRMZDr  Hook me up with some solana:9cRCn9rGT8V2imeM2BaKs13yhMEais3ruM3rPvTGpump",""
"@ganieous","3RHcvEZ4mnLZ48FoH7H4vuzJxUaNFZ1M75mmTKJXwX6G","TRUE","2026-08-11T17:39:00.000Z","Higherrrr $ANSEM  3RHcvEZ4mnLZ48FoH7H4vuzJxUaNFZ1M75mmTKJXwX6G",""
"@Lithish1001","DUuGfDM8GXn733YNHvnDz2bjmN3MVwe9FkdaABt5wGG1","TRUE","2026-08-11T16:44:00.000Z","Been supporting you and $ANSEM from day one 🔥   Always here, always bagholding, always shilling the vision.  DUuGfDM8GXn733YNHvnDz2bjmN3MVwe9FkdaABt5wGG1  Appreciate you giving back king 🐐 @RadTrades_",""
"@THEHR0","AtccobeQXiXerfxHb5Th23ixZaymfRfk6AxNpykfPYNr","TRUE","2026-08-11T17:28:00.000Z","AtccobeQXiXerfxHb5Th23ixZaymfRfk6AxNpykfPYNr  Every where $ANSEM Airdrop but I don't get a win 🍀",""
"@KayyFund","9sCiPe5em6ZCaXpcWh2uFappViP7gaR3A1qJ9UxXauEd","TRUE","2026-08-11T17:20:00.000Z","Appreciate you giving back 🔥  9sCiPe5em6ZCaXpcWh2uFappViP7gaR3A1qJ9UxXauEd   Been supporting, would love to be one of the last 2 🙏 solana:9cRCn9rGT8V2imeM2BaKs13yhMEais3ruM3rPvTGpump",""
"@victorrr_077","96oHENUAdPABBtE4jXWZzAo1zKhryAHL6N6F5eLyzSwK","TRUE","2026-08-11T17:42:00.000Z","96oHENUAdPABBtE4jXWZzAo1zKhryAHL6N6F5eLyzSwK   Thank you Rad",""
"@mayh3m_33","7nAkPPSkPLi3B24pkH2R2fyqLaPbzfq5t1uN9VB7iGZH","TRUE","2026-08-11T16:43:00.000Z","Want some, need some   7nAkPPSkPLi3B24pkH2R2fyqLaPbzfq5t1uN9VB7iGZH",""
"@OkechukwuSheki1","7ZYVzQvWRzV4S7RswAzytHVSdrXjSA6V6EV3Kn37WjvW","TRUE","2026-08-12T03:34:00.000Z","7ZYVzQvWRzV4S7RswAzytHVSdrXjSA6V6EV3Kn37WjvW  Thanks so much legend for this wonderful opportunity  @RadTrades_ I'm one of your most active chads. I've never won before. This would be my first.  I would be so grateful legend",""
"@jaybeeotf","CqVay2ZLm2yMSA8bMcGUMma7ev5P6Fm2Ht6yz3t9dEHC","TRUE","2026-08-11T16:37:00.000Z","CqVay2ZLm2yMSA8bMcGUMma7ev5P6Fm2Ht6yz3t9dEHC",""
"@Ade_053","4gRj5E6SCKnLykRLgYeTVEwcu9rbjPQebTj7FHvZaaoc","TRUE","2026-08-11T18:55:00.000Z","4gRj5E6SCKnLykRLgYeTVEwcu9rbjPQebTj7FHvZaaoc   Locked In With u legend",""
"@0xjayben","5jaD6tHR34QkdwG7sSdkf9cER5WVtUWkFGWrZ5fvbnHy","TRUE","2026-08-11T17:10:00.000Z","I have a question can i win ?   5jaD6tHR34QkdwG7sSdkf9cER5WVtUWkFGWrZ5fvbnHy",""
"@Amigo_4l","9cRCn9rGT8V2imeM2BaKs13yhMEais3ruM3rPvTGpump","TRUE","2026-08-11T22:32:00.000Z","Let’s go win some solana:9cRCn9rGT8V2imeM2BaKs13yhMEais3ruM3rPvTGpump   need some to add to my bag king   Q4PTsGKXfxV2W24kwbT4Le2Froa1NKSGz7WhNVMkSNe",""
"@Testimony64","FvLgXW8AaH1Gtae6RsxWMduxkBxQkRk9JMmzckRqvtrE","TRUE","2026-08-11T16:38:00.000Z","Thank you Rad   FvLgXW8AaH1Gtae6RsxWMduxkBxQkRk9JMmzckRqvtrE   I can’t be unlucky for 365 days",""
"@GeorgeFaithful6","ExXdd25s9QkFTb1Sxipzy7A5GQq2jnDLn62aykzviJ7Q","TRUE","2026-08-11T17:36:00.000Z","Can i be lucky enough to get a win  Thanks a lot for this opportunity @RadTrades_   ExXdd25s9QkFTb1Sxipzy7A5GQq2jnDLn62aykzviJ7Q",""
"@Ifwpromax","HCXcRmXEnKyos242dVqM9gUMg9UKGd5cVh2RLwcVsqsw","TRUE","2026-08-11T18:33:00.000Z","Thanks Rad  HCXcRmXEnKyos242dVqM9gUMg9UKGd5cVh2RLwcVsqsw",""
"@notspidey192","8iCrZMfGQ6wLTuoznbgCYD1sPiMAtgdLQEfvsmKrJXgG","TRUE","2026-08-11T23:27:00.000Z","Never gonna sell till eternity. Pls onboard me legend. Gonna be so grateful. @RadTrades_  8iCrZMfGQ6wLTuoznbgCYD1sPiMAtgdLQEfvsmKrJXgG",""
"@dyktr3nchkid","879K61wn8TpJY6fuSWy6MK9G2WDVgsHARP6WHaEoyByk","TRUE","2026-08-11T17:48:00.000Z","Please 🥺🙏 can I be one of them @RadTrades_  Thank you Sir   879K61wn8TpJY6fuSWy6MK9G2WDVgsHARP6WHaEoyByk",""
"@Markofweb3X","Hudkn7zNsdD4LxTKYNeMecQFH2KkwoUxe3EUaCpGJXNw","TRUE","2026-08-11T17:57:00.000Z","Thanks brother   Hudkn7zNsdD4LxTKYNeMecQFH2KkwoUxe3EUaCpGJXNw",""
"@ifw_Tobi","5TdqDpiNn5NzkDYKzx5DxKBfK6U2WtBVqrtm33McBtbh","TRUE","2026-08-11T18:54:00.000Z","Hey Rad can I win?  Thank you   5TdqDpiNn5NzkDYKzx5DxKBfK6U2WtBVqrtm33McBtbh",""
"@Stickmanishim","EUVty5Ad5LqfCrGZg2H7JjhNK4FJuMb1xBZLpPHQLiM6","TRUE","2026-08-11T16:40:00.000Z","EUVty5Ad5LqfCrGZg2H7JjhNK4FJuMb1xBZLpPHQLiM6  Can I get airdrop Rad? I’ll really appreciate it",""
"@pupftsx","9cRCn9rGT8V2imeM2BaKs13yhMEais3ruM3rPvTGpump","TRUE","2026-08-11T16:54:00.000Z","Holding my bags. Hope I will win and this is going to help me in growing my bag.   solana:9cRCn9rGT8V2imeM2BaKs13yhMEais3ruM3rPvTGpump To Billions thank you  3GrXmxBvZvVgddEatsXzGeEs2wPzz6fSWhMfZQQ5Nv8G",""
"@Big_____Tom","3PoT7U4vUNWAMHXX5r483AvqhWeCuLGs9kpLSB1srdmn","TRUE","2026-08-11T17:08:00.000Z","Thank you Rad   3PoT7U4vUNWAMHXX5r483AvqhWeCuLGs9kpLSB1srdmn",""
"@srisasibe1","GHu6wuFoUCRnDtA6s6HQLLrBNonfGt2L6pkHLe343yJW","TRUE","2026-08-11T17:15:00.000Z","Thanks for the support 😊   GHu6wuFoUCRnDtA6s6HQLLrBNonfGt2L6pkHLe343yJW",""
"@Mackxyz9","7kxTr8o3ru343Ues6eKKrr3bXht55eVtJKQmHi9tLw4Q","TRUE","2026-08-11T17:41:00.000Z","My luck get this   7kxTr8o3ru343Ues6eKKrr3bXht55eVtJKQmHi9tLw4Q",""
"@gelo_sol418","BxVrMYxTdijGLCu9LzsRJTnH8mdtzdHq6E7L3t4Pb1Zz","TRUE","2026-08-11T21:59:00.000Z","hope you see this bro 🙏  thank you  BxVrMYxTdijGLCu9LzsRJTnH8mdtzdHq6E7L3t4Pb1Zz",""
"@dreay_1","FEdNAX3Y15gwAxVCXbd7FyXhZovu8ddNtbT5o5Rt2hjA","TRUE","2026-08-11T19:02:00.000Z","FEdNAX3Y15gwAxVCXbd7FyXhZovu8ddNtbT5o5Rt2hjA",""
"@osmbreh","J92tKTmxycPZQ5J6wftMbhX8fG4CwPpnC9B6PGcfWx7a","TRUE","2026-08-11T20:42:00.000Z","J92tKTmxycPZQ5J6wftMbhX8fG4CwPpnC9B6PGcfWx7a",""
"@AmittCrypto","AZmVqcwgrULNd77XJfgtzQTxAymbfuWW9JoxUSv3meHB","TRUE","2026-08-11T16:55:00.000Z","Always supporting you Hook me up Rad  AZmVqcwgrULNd77XJfgtzQTxAymbfuWW9JoxUSv3meHB",""
"@THE_MMANUEL","7H4knp1Nxk2xSNZQ8jSCPn9qVcj5PdDS1W8DwwSbNLug","TRUE","2026-08-11T21:10:00.000Z","Been in need of ansem  7H4knp1Nxk2xSNZQ8jSCPn9qVcj5PdDS1W8DwwSbNLug",""
"@AkanmuEric","3DTs2ZeiwoawZEaeiUACz8FbGQ4v1k3HVYWv9pJpVuFz","TRUE","2026-08-11T21:53:00.000Z","Hook me up with some $ANSEM rad  Onboard this Chad   3DTs2ZeiwoawZEaeiUACz8FbGQ4v1k3HVYWv9pJpVuFz",""
"@kriptomanniac","2tbMEoQNwBjanoHyAwMHanr88xejSpsqz1WQ961sFkuX","TRUE","2026-08-11T16:39:00.000Z","2tbMEoQNwBjanoHyAwMHanr88xejSpsqz1WQ961sFkuX   Thank you legend.   This would really make me cry if I win  Down bad af",""
"@aethernoire","3kcqqBpovwi5Sqc2hx9pvDsQYVABRujPb7YQ312vh4G3","TRUE","2026-08-12T07:12:00.000Z","Full support you  3kcqqBpovwi5Sqc2hx9pvDsQYVABRujPb7YQ312vh4G3",""
"@Zamnoor3","DYiPERTLaRfU2EXUPBX691eorRQt59w9Qu3TDNBQAYnH","TRUE","2026-08-11T17:45:00.000Z","DYiPERTLaRfU2EXUPBX691eorRQt59w9Qu3TDNBQAYnH",""
"@Shevoxx","7BT2MLvEEenfoPw1W8P6v1fA7VTEc3DzZgoURygFSVB8","TRUE","2026-08-11T17:09:00.000Z","7BT2MLvEEenfoPw1W8P6v1fA7VTEc3DzZgoURygFSVB8",""
"@ansemholic","9cRCn9rGT8V2imeM2BaKs13yhMEais3ruM3rPvTGpump","TRUE","2026-08-11T16:40:00.000Z","I Loyal Bagworker solana:9cRCn9rGT8V2imeM2BaKs13yhMEais3ruM3rPvTGpump 🎒 I Work hard &  Shill solana:9cRCn9rGT8V2imeM2BaKs13yhMEais3ruM3rPvTGpump all the time  I have always been active on your page from the very beginning.  Eovxr6owt9GcroN7fD3b1y4cP7bF8kc9ymziVGyGqTB2  Thank you Goat 🐐 @RadTrades_ 🙏",""
"@ishow_ola01","91iXMfpVikQzJd6UKXU5HENuJLPk8YTECXYmtswzZohP","TRUE","2026-08-11T16:39:00.000Z","91iXMfpVikQzJd6UKXU5HENuJLPk8YTECXYmtswzZohP",""
"@zeig39042","CuCc2KyK21aK7yuxVjA9yNHpLYK5YhJMyDnsF4j5kat3","TRUE","2026-08-11T18:07:00.000Z","CuCc2KyK21aK7yuxVjA9yNHpLYK5YhJMyDnsF4j5kat3",""
"@7Keips","FY65e2WRwbsCoa7UMeBKYRfEN179hkLvJig7xZrnxTWZ","TRUE","2026-08-11T17:15:00.000Z","That would be great   FY65e2WRwbsCoa7UMeBKYRfEN179hkLvJig7xZrnxTWZ",""
"@keepwinnerr","EXMnxbd1nRNLuLQFf4DYE4s7csgJXPbe5BucE4fzzMKH","TRUE","2026-08-11T16:55:00.000Z","May today be a day full of good fortune.  Whatever the outcome, may victory be ours.  Blesss me , may we win!   Thankyou    EXMnxbd1nRNLuLQFf4DYE4s7csgJXPbe5BucE4fzzMKH",""
"@girlhappi0","9cRCn9rGT8V2imeM2BaKs13yhMEais3ruM3rPvTGpump","TRUE","2026-08-11T17:47:00.000Z","thank you rad i’m just a girl that’d love to hold solana:9cRCn9rGT8V2imeM2BaKs13yhMEais3ruM3rPvTGpump   BQeWzXg6JAbqDaSMuYete1XfcPp76ugtgTkdMy4HxTM4",""
"@ViktorX_IJD","CuK6UFzEJwMXTQqFYWN3VbPvsQkz2zpU1ngbFXLadKtj","TRUE","2026-08-11T16:39:00.000Z","Thank you   CuK6UFzEJwMXTQqFYWN3VbPvsQkz2zpU1ngbFXLadKtj",""
"@shaqcryptonite","7BCzT9Qx4NaU4UERTiivdy3x6vfeYYWszke1pcQYQqnh","TRUE","2026-08-11T16:58:00.000Z","7BCzT9Qx4NaU4UERTiivdy3x6vfeYYWszke1pcQYQqnh  Haven't gotten anything $ANSEM ,if I win this I will hold",""
"@hiver232","FSvZUpJvPpS7neyqZfcuYgBFRzFec9i7TVSkeAzHg4A2","TRUE","2026-08-12T01:51:00.000Z","FSvZUpJvPpS7neyqZfcuYgBFRzFec9i7TVSkeAzHg4A2   Can I win this please! I need it for the fam",""
"@rektmfers","GGJwRHqJkdfiAdHNwqmrnvASzKjKbaATdMBunbwz4uwP","TRUE","2026-08-11T16:51:00.000Z","always active here! 🫡  GGJwRHqJkdfiAdHNwqmrnvASzKjKbaATdMBunbwz4uwP",""
"@loxdotsol","GvmkJNRmhgNWy5revZNxU4KFy1YZH1a1ZdVRnkT14GEr","TRUE","2026-08-11T16:39:00.000Z","Hey Rad  Haven’t won for you before  I’m a bagworker   Any chance winning?   GvmkJNRmhgNWy5revZNxU4KFy1YZH1a1ZdVRnkT14GEr",""
"@Praisewilldoit","J7xV2j6rokVsonqxojxwEGntXwGPbBS3yht9FbnvH215","TRUE","2026-08-11T23:23:00.000Z","Thank you   J7xV2j6rokVsonqxojxwEGntXwGPbBS3yht9FbnvH215",""
"@marley_web3","2w2dmxnv6xu6T93ahzFh2iQQK7bbkzvQQdkHaxFCcn7B","TRUE","2026-08-11T17:05:00.000Z","2w2dmxnv6xu6T93ahzFh2iQQK7bbkzvQQdkHaxFCcn7B",""
"@TheRealBossjamo","F7dysuySHxqTrAEgDJYo55MBEN9hJz2HaKupdpnMwT18","TRUE","2026-08-11T16:49:00.000Z","F7dysuySHxqTrAEgDJYo55MBEN9hJz2HaKupdpnMwT18",""
"@granitexw","AVcUjpdrwNmYS1iUZ2Yy7pzqyiHcq5MzkD4o97p6vduP","TRUE","2026-08-11T17:07:00.000Z","thanks Rad  what a day to get blessed by you  AVcUjpdrwNmYS1iUZ2Yy7pzqyiHcq5MzkD4o97p6vduP",""
"@StevenAde_","3385b1DK7V8RKT5gBR2TyjWDaiaGQJAh3zfpUhtjNyxb","TRUE","2026-08-11T16:44:00.000Z","Thank you Chad  3385b1DK7V8RKT5gBR2TyjWDaiaGQJAh3zfpUhtjNyxb",""
"@mightyman1111","ELT58jSpZy9yhNv6GBUG1DsxUZ8quyjNDcieC3bruRYu","FALSE","2026-08-11T17:38:00.000Z","ELT58jSpZy9yhNv6GBUG1DsxUZ8quyjNDcieC3bruRYu",""
"@Trading_Tort","9VPMyVhFg7i413wqH3HCTThgjS4oK2kABicfGqZ14A1d","TRUE","2026-08-11T17:41:00.000Z","9VPMyVhFg7i413wqH3HCTThgjS4oK2kABicfGqZ14A1d",""
"@SkipperXI","F2nG72HzC8spHjYr8RwoRVhTMexLTtGBUwiiPDRt5eJ2","TRUE","2026-08-11T16:42:00.000Z","F2nG72HzC8spHjYr8RwoRVhTMexLTtGBUwiiPDRt5eJ2",""
"@SAM_SOL_001","CCTjjycPJjo2T4aDcGdw8quBARWQX36g18BQ4gFMRtNF","TRUE","2026-08-11T17:12:00.000Z","CHOOSE ME CHAMP I PROMISE TO HOLD AND BAGWORK   CCTjjycPJjo2T4aDcGdw8quBARWQX36g18BQ4gFMRtNF",""
"@sayur1zz","2PKMujRJtbnj6oibW7bFvBBBLVhAvvctmbLnVBk1yska","TRUE","2026-08-11T18:52:00.000Z","Thank, bro  2PKMujRJtbnj6oibW7bFvBBBLVhAvvctmbLnVBk1yska",""
"@AdamXMeta","BXG2hvBXTaV5jiXxxPU56mwSXZvcCpnQj6Ri1i9KJRbg","TRUE","2026-08-11T16:57:00.000Z","Appreciate you sharing the wealth @RadTrades_ 🙏🏾  Been watching $ANSEM since the early days and would love to add some to the bag.  BXG2hvBXTaV5jiXxxPU56mwSXZvcCpnQj6Ri1i9KJRbg",""
"@Quantzbet","8ub3xSMgvxK1aATLjxFQZ1pSnVL1Uhi6gKT18e7qt3dr","FALSE","2026-08-11T18:05:00.000Z","Hanging 😂 😂 😂   8ub3xSMgvxK1aATLjxFQZ1pSnVL1Uhi6gKT18e7qt3dr",""
"@Stylocy","GJQjUiz11a4E9rxrYXgywGKb6mu7Bdz2muyS9Kpj46U4","TRUE","2026-08-12T05:47:00.000Z","I'm here red.   GJQjUiz11a4E9rxrYXgywGKb6mu7Bdz2muyS9Kpj46U4",""
"@henevergivesupp","CBACC8tWsyLFqL7mXHZYrpJHu5WkbCuCia3fqHVZCt38","TRUE","2026-08-11T16:42:00.000Z","CBACC8tWsyLFqL7mXHZYrpJHu5WkbCuCia3fqHVZCt38  need please",""
"@creedmotion","2TnwF75CAGnpUqoTPfk1Cc3arSvvK1LThDdwXSnEWn8y","TRUE","2026-08-11T16:40:00.000Z","nitter.net/creedmotion/status/208…  4th time trying  been holding $ansem for 40 plus days now  would be great if i get to win   thank you @RadTrades_  2TnwF75CAGnpUqoTPfk1Cc3arSvvK1LThDdwXSnEWn8y",""
"@payybase122","3AHiTEigaQG6MXdhxD4uCUXb4HQADiK76ju7FtXPMKm1","TRUE","2026-08-11T16:38:00.000Z","Any is much appreciated!  3AHiTEigaQG6MXdhxD4uCUXb4HQADiK76ju7FtXPMKm1",""
"@CadelAndri","728ZoK6SpFh8z5zYBYFMBskAnoUSHJyG3S9AvZpTk7ub","TRUE","2026-08-11T18:19:00.000Z","728ZoK6SpFh8z5zYBYFMBskAnoUSHJyG3S9AvZpTk7ub  Good luck everyone, manifesting a first win",""
"@0xMichiX","ByDvtub4iimiEwTwfHxapFcJZwnB2JwYByRYKaiRN4Aa","TRUE","2026-08-11T16:49:00.000Z","Wish me luck🤲  ByDvtub4iimiEwTwfHxapFcJZwnB2JwYByRYKaiRN4Aa",""
"@damidotsol","Erj82qGGYoWxymfr5N6xw7YdUNtWmA3Ft24coXRKhgks","TRUE","2026-08-12T00:11:00.000Z","Active for you dad  Erj82qGGYoWxymfr5N6xw7YdUNtWmA3Ft24coXRKhgks",""
"@mickaelanic","8Ax2AVWFzdTp4eDp7H6FEFXvBXxw6ExqnF88S2E42Ftg","TRUE","2026-08-11T16:43:00.000Z","Notifications On  Never miss every single Post you made   DIAMOND HAND FOR $ANSEM   8Ax2AVWFzdTp4eDp7H6FEFXvBXxw6ExqnF88S2E42Ftg",""
"@shxdxwsage","24jrvsDsZ2yLA5jCKZX5vmnc7RymDUTkHLVXRFjswsDW","TRUE","2026-08-11T16:47:00.000Z","thank you  24jrvsDsZ2yLA5jCKZX5vmnc7RymDUTkHLVXRFjswsDW",""
"@Blakes4566","23qNjrEfSSx5P4skaWoG43VTAm9iakS7tNNXs1RnV1Ra","TRUE","2026-08-11T17:22:00.000Z","23qNjrEfSSx5P4skaWoG43VTAm9iakS7tNNXs1RnV1Ra",""
"@AUGUSTUS0000000","9dNFfwYwmkK8chPndm3Fd4Vu7RAK9wMcykL9xc8rYw8G","TRUE","2026-08-11T16:49:00.000Z","9dNFfwYwmkK8chPndm3Fd4Vu7RAK9wMcykL9xc8rYw8G",""
"@Z4RIYUH","5APgHGzexn8bSMPPHWRDrRU3bwTu2mW3xcDMGnwL7XMX","TRUE","2026-08-11T16:37:00.000Z","MEEEEE 5APgHGzexn8bSMPPHWRDrRU3bwTu2mW3xcDMGnwL7XMX",""
"@malleyarc","BLHEkTVWTLAu2194HFBNovtW7W26kumaEXmAsRXfiHjS","TRUE","2026-08-11T20:11:00.000Z","Been supporting for a while, will I ever get a win? 🥹  BLHEkTVWTLAu2194HFBNovtW7W26kumaEXmAsRXfiHjS   Thank you",""
"@maranathaP2023","7zYLxtiXEtTuvXGDkiLfQAHLYiRZdPU3p7ptiKfpqPvc","TRUE","2026-08-11T17:04:00.000Z","Let's have it  7zYLxtiXEtTuvXGDkiLfQAHLYiRZdPU3p7ptiKfpqPvc",""
"@Random_dude077","GbPZjsvDvDoe1eLgKVjayYaTJwLLQeYpxvbRn2gKyPVx","TRUE","2026-08-11T18:38:00.000Z","Done ✅  Thanks for this 🙏🏽   I didn't start to give up and won't stop until I won I hope this my time @SolLunix 🙏🏽 I have doing this since day one hope it's my first win thank you for the opportunity   GbPZjsvDvDoe1eLgKVjayYaTJwLLQeYpxvbRn2gKyPVx",""
"@RAYOKxx","HDWu9vqLfWNQETWNJQbKfVCrS4YXhPUQ5yn5JHexa3RY","TRUE","2026-08-11T17:25:00.000Z","HDWu9vqLfWNQETWNJQbKfVCrS4YXhPUQ5yn5JHexa3RY",""
"@GeneralMartia","Gq3reryt4z8uKbekovfdkoambJPaYAKXNkpzGqrGnECP","TRUE","2026-08-11T17:07:00.000Z","Thank you ☺️   Gq3reryt4z8uKbekovfdkoambJPaYAKXNkpzGqrGnECP",""
"@Womanempowerm10","J17E1dz7bKMdzgHeXQE5BgdhizCM7e6NYYZwmRde7vQT","TRUE","2026-08-11T20:20:00.000Z","J17E1dz7bKMdzgHeXQE5BgdhizCM7e6NYYZwmRde7vQT",""
"@siege4tw","9cRCn9rGT8V2imeM2BaKs13yhMEais3ruM3rPvTGpump","TRUE","2026-08-11T17:20:00.000Z","Would love some solana:9cRCn9rGT8V2imeM2BaKs13yhMEais3ruM3rPvTGpump   Thank you @RadTrades_   CSYrD2vmyMkYfwbyAYm7d7A426iKoJiv7nZSTL7ERxyc",""
"@MikeEze18","ZZTydia2vmLp9PhjxpeQwhte2sCNJ7ot7WhH3dCcY3C","TRUE","2026-08-11T21:57:00.000Z","Appreciate you immensely Rad 🤍 feeling like today is the day u will bless me @RadTrades_ $ANSEM   Never won from you king, been here for long now. An OG in this space..   $ANSEM TO THE WORLD 🚀  ZZTydia2vmLp9PhjxpeQwhte2sCNJ7ot7WhH3dCcY3C",""
"@DayoWeb3_","Az5jxe256Ekf6QCJfkTBzxeLawd1gWaHtt5yFFVRm3Wv","TRUE","2026-08-11T20:19:00.000Z","Az5jxe256Ekf6QCJfkTBzxeLawd1gWaHtt5yFFVRm3Wv   @iwilljeet   Thank you legend",""
"@helloramses","FTEcd88ZzGbftLCn7uVHg6nr9Np1uUvUFjN9mEepQU3F","TRUE","2026-08-12T03:20:00.000Z","FTEcd88ZzGbftLCn7uVHg6nr9Np1uUvUFjN9mEepQU3F  Thanks Rad Can I be lucky",""
"@wealthy_ladd","CUp1SBmosTfHMP63Qi8RKRCqMv2rcv86M288ZrmyuBKv","TRUE","2026-08-11T16:46:00.000Z","Hii  CUp1SBmosTfHMP63Qi8RKRCqMv2rcv86M288ZrmyuBKv",""
"@Millxbt","H6FN9yEreqCAdpaej4gMyZULYuu7uqerLM6sxdnzhTTT","TRUE","2026-08-11T16:59:00.000Z","Bless me rad  H6FN9yEreqCAdpaej4gMyZULYuu7uqerLM6sxdnzhTTT",""
"@Gibxszn","3dMJknSsgD6qgRSnmxkLbvBVPWsooS6TkBxh165MmaQ3","TRUE","2026-08-11T17:27:00.000Z","3dMJknSsgD6qgRSnmxkLbvBVPWsooS6TkBxh165MmaQ3",""
"@10ofw3","33oUbiwBfXqHjHpG33N3Sq6tuptinxpF45hwLAVLeN5Q","TRUE","2026-08-11T16:58:00.000Z","Thanks so much rad  33oUbiwBfXqHjHpG33N3Sq6tuptinxpF45hwLAVLeN5Q",""
"@rukogin","421VWqcr8Dam41z8BoA7Yn5G7unLKsWBWyLu4YiRdAjJ","TRUE","2026-08-12T05:41:00.000Z","421VWqcr8Dam41z8BoA7Yn5G7unLKsWBWyLu4YiRdAjJ",""
"@BukatyFrank","3T9qGVsfcw1HkQKjtJgSh7w2nAgHeQRXo96UhpFUtUaL","TRUE","2026-08-11T18:58:00.000Z","Save me 🤲  3T9qGVsfcw1HkQKjtJgSh7w2nAgHeQRXo96UhpFUtUaL",""
"@dreswago","3o824EzbWBRemcmV9ruz9VN8ucZt9HoLq1WMTXQ4GdV1","TRUE","2026-08-11T16:41:00.000Z","3o824EzbWBRemcmV9ruz9VN8ucZt9HoLq1WMTXQ4GdV1  I wonder if I’ll ever win an $ANSEM airdrop, would be my first",""
"@Harlomodolars","52NJMmFY2rwTwzt16Liv16cbYZLnWiqedkiDBLDE8biA","TRUE","2026-08-11T17:22:00.000Z","52NJMmFY2rwTwzt16Liv16cbYZLnWiqedkiDBLDE8biA  Always in Support",""
"@Bagwoker","AYQ2k42NtroY64wQ4qHQAy4kuJwp2UFY768MEWxJi8Jj","TRUE","2026-08-11T16:38:00.000Z","Been trying for a while, fingers crossed this time Your support would really help me out. Goat  Bless me, I’ve always be loyal to you. Remember me  AYQ2k42NtroY64wQ4qHQAy4kuJwp2UFY768MEWxJi8Jj",""
"@0xhayzed","5SiDBqcA2gtvfszH9wQivyNjuuqtAkag5dNjAzKYLyyL","TRUE","2026-08-11T16:42:00.000Z","Thank you,Rad   Bless me man Been holding $Ansem for over 35 days   5SiDBqcA2gtvfszH9wQivyNjuuqtAkag5dNjAzKYLyyL",""
"@Maverick_is_bac","3UsY4RWXKcuquvUYHoCTy9HGpunMaNGmo2Lz31VuoTLi","TRUE","2026-08-11T17:57:00.000Z","Hi @RadTrades_ , Honestly, I don’t even know what to say to convince you to pick me But I’m going to give it my best shot. Hopefully this one is mine 🤞  3UsY4RWXKcuquvUYHoCTy9HGpunMaNGmo2Lz31VuoTLi",""
"@Blessedinvestr","BQ3Gg9ucB7WnaShE4WpJnJTictWhyonXDs8ukbHHoBQM","TRUE","2026-08-11T17:24:00.000Z","BQ3Gg9ucB7WnaShE4WpJnJTictWhyonXDs8ukbHHoBQM  Thanks Rad  Manifesting some solana:9cRCn9rGT8V2imeM2BaKs13yhMEais3ruM3rPvTGpump in my wallet, promise not sell 🙌🙏",""
"@A_meennn","ELdW5GhJ5ENNvKUYhRvbx8yXpH3M5GxLPNpEQ9SEvyur","FALSE","2026-08-11T18:37:00.000Z","Liked ☑️ Retweeted ☑️ Followed ☑️  I can’t be unlucky for 3-6-5 days although not on my word  But I pray for luck today bless me $Rad   ELdW5GhJ5ENNvKUYhRvbx8yXpH3M5GxLPNpEQ9SEvyur",""
"@Jimmyyweb3","FHJBUTs3YwNFRX4WAKBFArjX6vCpFeZwqYV1q6HhjmzV","TRUE","2026-08-11T18:32:00.000Z","FHJBUTs3YwNFRX4WAKBFArjX6vCpFeZwqYV1q6HhjmzV",""
"@AboyAsDEXIRO","533CWCa3ysqzMzbVFXi8Hz2tfhXzDrYampGDH7dQPP7h","FALSE","2026-08-11T17:15:00.000Z","Thank you   533CWCa3ysqzMzbVFXi8Hz2tfhXzDrYampGDH7dQPP7h",""
"@psysco_","8VNWdQXNpvBbz2c1fykfMPczDzA3mnvxgSoaBfP5Vu9y","TRUE","2026-08-11T16:57:00.000Z","8VNWdQXNpvBbz2c1fykfMPczDzA3mnvxgSoaBfP5Vu9y  Thank you Rad",""
"@AYCRRYPT9we","9h9aRxeG3ynSDnrx9BqMTxgfzEMTwwCEWPmbGRTfU1nS","TRUE","2026-08-11T21:05:00.000Z","9h9aRxeG3ynSDnrx9BqMTxgfzEMTwwCEWPmbGRTfU1nS",""
"@jegax_","9Syc9JnedXzEhkb8DuMn2DsAQDmCqusJt7BqF6VeGeJu","TRUE","2026-08-11T18:53:00.000Z","Thank you king  9Syc9JnedXzEhkb8DuMn2DsAQDmCqusJt7BqF6VeGeJu",""
"@oluwa_feezar","C7ouMXxc2PCQZPJ9yPbZ9cN6fbU76KybxXoXeagSfxLh","TRUE","2026-08-11T17:59:00.000Z","C7ouMXxc2PCQZPJ9yPbZ9cN6fbU76KybxXoXeagSfxLh",""
"@TaeKay17","42o1WNqzGcWMqYSoSumNreoPuN4s7KCf6je2epPowvSB","FALSE","2026-08-11T17:10:00.000Z","42o1WNqzGcWMqYSoSumNreoPuN4s7KCf6je2epPowvSB",""
"@Aizen1000x","2Bu1xngmkYSvbxvYdmjo9CWoKVUBxfNdvncBZibkS1DT","FALSE","2026-08-11T17:10:00.000Z","2Bu1xngmkYSvbxvYdmjo9CWoKVUBxfNdvncBZibkS1DT  Unverified can win?",""
"@YahyaSuntan","E2yTHeNtiaXBZEsuxPShHu9yyjNyQ8VsTfyLrrPdLCNo","FALSE","2026-08-11T20:17:00.000Z","E2yTHeNtiaXBZEsuxPShHu9yyjNyQ8VsTfyLrrPdLCNo",""
"@DamiCheckers","J6WjSVyehEXzTQFtVQn2hBgdP6irhVURP11enJsUsQdt","FALSE","2026-08-11T17:28:00.000Z","@RadTrades_  J6WjSVyehEXzTQFtVQn2hBgdP6irhVURP11enJsUsQdt",""
"@HashimA27173479","BK8pCGkhFVkWhQYNt2X2RBvECob8UaGxeCtgmmnzDxpc","FALSE","2026-08-11T17:36:00.000Z","BK8pCGkhFVkWhQYNt2X2RBvECob8UaGxeCtgmmnzDxpc",""
"@_onesammy","D9RQ7Fz4SZXFT1hmRvt3FaM6jbpLrvWGfKf5Ty7mLttt","TRUE","2026-08-11T16:39:00.000Z","D9RQ7Fz4SZXFT1hmRvt3FaM6jbpLrvWGfKf5Ty7mLttt   Thanks do much rad.",""
"@ab1wle","Fp4ty6V34FT8Xi3zv117wVEE4AEadG6HeFAZoME9Wv6z","FALSE","2026-08-11T18:22:00.000Z","Fp4ty6V34FT8Xi3zv117wVEE4AEadG6HeFAZoME9Wv6z",""
"@Hamezs7","CSKKR2n3v1nm6oC4buGfrdKaVVKaTDxPLQnqtnhDJPQA","FALSE","2026-08-11T17:05:00.000Z","Can I get some?  CSKKR2n3v1nm6oC4buGfrdKaVVKaTDxPLQnqtnhDJPQA",""
"@ceteblue","DR9YfxrsxEeAEFWkfYWe8Xbv1t2wyfmyQ3JNbcQN4NvE","FALSE","2026-08-11T18:20:00.000Z","DR9YfxrsxEeAEFWkfYWe8Xbv1t2wyfmyQ3JNbcQN4NvE",""
"@waseem4570","CA7FDTVqxdm4sH19Zgfd8xNqnHjby8QMBngnbPZ6s4nX","FALSE","2026-08-11T17:59:00.000Z","CA7FDTVqxdm4sH19Zgfd8xNqnHjby8QMBngnbPZ6s4nX",""
"@alwayslovepjs","EH1vqxy9SnUsJgu9gi1BTnYAgagd6wus9xiMKT456bha","FALSE","2026-08-11T17:15:00.000Z","LETSS G  EH1vqxy9SnUsJgu9gi1BTnYAgagd6wus9xiMKT456bha",""
"@yabesronii","6Atxgt4k4MniV4e18LBKS5gXXe8GUKz4Vmko1c1t1EQG","FALSE","2026-08-11T18:29:00.000Z","First win?  6Atxgt4k4MniV4e18LBKS5gXXe8GUKz4Vmko1c1t1EQG",""
"@Mustaph97093101","Hd352wSxCD7bseU62x8z39zqahCtygxW8YZV3oAcPYA3","FALSE","2026-08-11T17:08:00.000Z","Hd352wSxCD7bseU62x8z39zqahCtygxW8YZV3oAcPYA3",""
"@TaHT000","fa4JFjbBtaRSdSnUotxjEvBfEkUPpjvM8mVKc3Axmmq","FALSE","2026-08-11T18:14:00.000Z","fa4JFjbBtaRSdSnUotxjEvBfEkUPpjvM8mVKc3Axmmq",""
"@softwuhv","J6zpvejxjKoJykJkX5K6PHhAFDdZyHZz21AxkLFxPJLg","TRUE","2026-08-11T19:25:00.000Z","thank you rad!   J6zpvejxjKoJykJkX5K6PHhAFDdZyHZz21AxkLFxPJLg",""
"@Sandi5552013855","4SPfhUp11BuaThoMpcBAgiiyWZpSAHukhFcYfEQtsbas","FALSE","2026-08-11T17:19:00.000Z","Can i get?  4SPfhUp11BuaThoMpcBAgiiyWZpSAHukhFcYfEQtsbas",""
"@sub_b00mer","2dmrr8LBDEkYorF5Jis7ZEa4Qx3C8PwDmvWhUoWGv828","FALSE","2026-08-11T17:19:00.000Z","2dmrr8LBDEkYorF5Jis7ZEa4Qx3C8PwDmvWhUoWGv828",""
"@mulyonojo12","6QPGpBEDWSyDWBnPLQcqvHxjGbAuL9wnVYA8Sz7hSNMN","FALSE","2026-08-11T23:39:00.000Z","6QPGpBEDWSyDWBnPLQcqvHxjGbAuL9wnVYA8Sz7hSNMN",""
"@Maampuwin","BCCn4cGSYSTRNEJq5PSee5RwcEibVXKJz8BPxyk17sJv","FALSE","2026-08-11T17:15:00.000Z","Thanks sir 🥰🥹 BCCn4cGSYSTRNEJq5PSee5RwcEibVXKJz8BPxyk17sJv",""
"@Hollywwoodevv","GDdWzR4sMAER5j7N6PKUqud9qJMZGEeHWVmha5HqX7fx","FALSE","2026-08-11T17:36:00.000Z","GDdWzR4sMAER5j7N6PKUqud9qJMZGEeHWVmha5HqX7fx",""
"@Imgskrishna","CMjNBAwRsbWWEhV1Tf4xxifYRCvQuHaXiQmVJAcxvzMo","FALSE","2026-08-11T17:23:00.000Z","CMjNBAwRsbWWEhV1Tf4xxifYRCvQuHaXiQmVJAcxvzMo",""
"@Ntd1501","EWCcqBpJ7uwK674aJZG5VD4Txxev5FatR1y4KDVqChty","FALSE","2026-08-12T03:08:00.000Z","EWCcqBpJ7uwK674aJZG5VD4Txxev5FatR1y4KDVqChty",""
"@mopidopee","5kx9HyCyKB2m19MjFNwaLyLnHkFQVsEq1PouwSjnS9Gj","FALSE","2026-08-11T17:07:00.000Z","5kx9HyCyKB2m19MjFNwaLyLnHkFQVsEq1PouwSjnS9Gj",""
"@multivindo","4SjUA82mZiJmkbcy4JDfSsBHaykCMLaUAxwidS6Q3hys","FALSE","2026-08-12T00:46:00.000Z","4SjUA82mZiJmkbcy4JDfSsBHaykCMLaUAxwidS6Q3hys",""
"@DagnalisLoL","ooJP5XrtiLUis6Au3jUJALhud3SHaYX2TcXa4PCweTM","FALSE","2026-08-11T17:06:00.000Z","ooJP5XrtiLUis6Au3jUJALhud3SHaYX2TcXa4PCweTM",""
"@DuongTien990","HZk8pLrqadd8teDftFLVSg2xpuziCcHTMsxHGtiG1Hbj","FALSE","2026-08-12T07:11:00.000Z","HZk8pLrqadd8teDftFLVSg2xpuziCcHTMsxHGtiG1Hbj",""
"@Faithfulonuth7","4k2psk5WnmiQtCPgzZ7yNN7GScLe1aM9jbjHEWV7mPX4","FALSE","2026-08-12T01:20:00.000Z","4k2psk5WnmiQtCPgzZ7yNN7GScLe1aM9jbjHEWV7mPX4",""
"@Airdropsbob","CW2fmXKnr4A2zrQvzqYpSBTHvx4ta2hM7XZQg8rSLGns","FALSE","2026-08-12T06:57:00.000Z","CW2fmXKnr4A2zrQvzqYpSBTHvx4ta2hM7XZQg8rSLGns",""
"@jegersthh","7a1eNA69LqMNPrF33fuQixxKzDB3yWC5L2fnxxoNDTSN","FALSE","2026-08-12T09:20:00.000Z","7a1eNA69LqMNPrF33fuQixxKzDB3yWC5L2fnxxoNDTSN",""
"@Belottinni","Hvr5cHEMygD4Rpq2dGTLyTPaQx5LuU3wcZDMEppNL3Dx","FALSE","2026-08-11T16:56:00.000Z","Hvr5cHEMygD4Rpq2dGTLyTPaQx5LuU3wcZDMEppNL3Dx",""
"@BrookBee_17","4Xy5BhmSeukc7DCWgj5ryVAtbi7nmYJcz51rhRrYEYCk","FALSE","2026-08-11T23:48:00.000Z","4Xy5BhmSeukc7DCWgj5ryVAtbi7nmYJcz51rhRrYEYCk",""
"@leonardoduko1","6jCopebwob2gqkZdfDrkyb4Cn2oWe3mDqtB64og2VDvB","FALSE","2026-08-11T17:32:00.000Z","6jCopebwob2gqkZdfDrkyb4Cn2oWe3mDqtB64og2VDvB",""
"@aimushara100","7mzxtA2apzMXHv6ohVsf3BdJKqiZibKegatXcSwJ4gTY","FALSE","2026-08-11T17:22:00.000Z","7mzxtA2apzMXHv6ohVsf3BdJKqiZibKegatXcSwJ4gTY",""
"@damian889346","48m9K8jf6369pnj8Nka7AEyFKPar7j18iNb2G3vQDvbA","FALSE","2026-08-12T01:59:00.000Z","48m9K8jf6369pnj8Nka7AEyFKPar7j18iNb2G3vQDvbA",""
"@AmmarEv10","37JDwoZLcAHKog7TgJ6qgiJrafX3wMNpcDbkghb6Weid","FALSE","2026-08-12T08:32:00.000Z","37JDwoZLcAHKog7TgJ6qgiJrafX3wMNpcDbkghb6Weid",""
"@jalindar55","3eMKZNR3CXjNMXeqfWgfHcz6ygHo2f4mxsu2XcjW9d64","FALSE","2026-08-11T18:25:00.000Z","3eMKZNR3CXjNMXeqfWgfHcz6ygHo2f4mxsu2XcjW9d64",""
"@The_kid214","GLQmhHaRQqfSVgv5c9LGoN7ieZcHXHvZEB2AcSa3CBKZ","TRUE","2026-08-11T17:16:00.000Z","GLQmhHaRQqfSVgv5c9LGoN7ieZcHXHvZEB2AcSa3CBKZ  Helo my bags bro 😭😭😭",""
"@bitcom01","BW1de6rF7YQFiefLC9veSYMZfE18BxHYT77jSdTy9kEm","TRUE","2026-08-11T18:51:00.000Z","BW1de6rF7YQFiefLC9veSYMZfE18BxHYT77jSdTy9kEm It's Rad",""
"@Mason01x","9TrgM86PpYj5f4s8F2KJh4Vup6m5Rvjpe8rse9r2exRM","TRUE","2026-08-11T16:38:00.000Z","Drop me bro   9TrgM86PpYj5f4s8F2KJh4Vup6m5Rvjpe8rse9r2exRM",""
"@YoungJohn_004","9C4ZKVBUdjHVYT7p3ksDDZfHXtHFqZNNsoEVsT2qCdr3","TRUE","2026-08-11T20:10:00.000Z","9C4ZKVBUdjHVYT7p3ksDDZfHXtHFqZNNsoEVsT2qCdr3",""
"@Godwillinq","FHJBUTs3YwNFRX4WAKBFArjX6vCpFeZwqYV1q6HhjmzV","TRUE","2026-08-11T16:43:00.000Z","been supporting rad , hoping the universe would make my wish come through by getting my first win from you , thank you and also 41 days of bagworking $ansem with 268 posts   FHJBUTs3YwNFRX4WAKBFArjX6vCpFeZwqYV1q6HhjmzV",""
"@WhishesBoy","3Sk4xFrQufhf7Z1xZx6kfi3ugjDGrvixLErmH2tKQnHf","TRUE","2026-08-11T18:40:00.000Z","Thanks rad ,lemme hold $ANSEM  3Sk4xFrQufhf7Z1xZx6kfi3ugjDGrvixLErmH2tKQnHf",""
"@vangoghsx","AgJjZqkLU4KCJbEJ55noFsvAC2kreRyeboaYk8M6HSai","TRUE","2026-08-11T16:40:00.000Z","it seems only holders have a chance.  I'd hold if I had some too :(  AgJjZqkLU4KCJbEJ55noFsvAC2kreRyeboaYk8M6HSai",""
"@abiola_turner","END4iP51AaYBJrGSAJwQRv3YiRM6QQF8JtiBjnTsa9X3","TRUE","2026-08-11T16:39:00.000Z","Please man Been so active  I’m gonna hold @RadTrades_   END4iP51AaYBJrGSAJwQRv3YiRM6QQF8JtiBjnTsa9X3",""
"@Mac3eee","EUQvdHJT1iA9k1ZGT14k3uVPAEiZd9Zvj4fHfUdL5LbP","TRUE","2026-08-11T16:41:00.000Z","been very active on you,,, can i get sum drop? thank you rad 🫶  EUQvdHJT1iA9k1ZGT14k3uVPAEiZd9Zvj4fHfUdL5LbP",""
"@DegenFlOwX_","DoNeEnDz1MoPxmZmgyJCSdzGTdRu5MpqLYs614hGfVv5","TRUE","2026-08-11T17:23:00.000Z","You’ve been an incredible support to the community  ❤️ Really appreciate everything you’ve done for us 🫶🏻 Hope you keep winning and have even more success ahead ✨  DoNeEnDz1MoPxmZmgyJCSdzGTdRu5MpqLYs614hGfVv5",""
"@DannyYhoung","AdrARjhz1UVXy3KAWPowPSEx4pSzCp2SwLkxJJ7ptCMy","TRUE","2026-08-11T17:15:00.000Z","thanks Rad…would really appreciate a win here   AdrARjhz1UVXy3KAWPowPSEx4pSzCp2SwLkxJJ7ptCMy",""
"@Samdav0","JBUNype9yLXg5CjmPvagTURsvUh3XQvnTrE7HYnbYGYx","TRUE","2026-08-11T17:15:00.000Z","JBUNype9yLXg5CjmPvagTURsvUh3XQvnTrE7HYnbYGYx  Thank you so much have always been an active follower on your page both post and replies  Manifesting your blessings I promise to hold and bag work harder",""
"@Crypto_Hashira1","D9L8Uhsrks9UhKD3ATyeTX43eiobW9VkEVYc2Xk5sdwF","TRUE","2026-08-11T16:41:00.000Z","Took $Ansem to the street I deserve an airdrop please 🙏🥺   D9L8Uhsrks9UhKD3ATyeTX43eiobW9VkEVYc2Xk5sdwF",""
"@A_2ice_","2QpikDKEmfZrwTY4WpTo5Hy44PtU75gu49pz5SwevZYy","TRUE","2026-08-12T04:26:00.000Z","2QpikDKEmfZrwTY4WpTo5Hy44PtU75gu49pz5SwevZYy",""
"@vh412k","HWaPTPBSeBWY2QBu6Cz3VGUs1r2qupg7CN5KXQN5tN8a","FALSE","2026-08-11T18:02:00.000Z","I support you   HWaPTPBSeBWY2QBu6Cz3VGUs1r2qupg7CN5KXQN5tN8a",""
"@cryptorboe","4Ra1ZT9cfF7giPSPNkCmZf5m2rAkHQRMSCPEp22hB6Hk","TRUE","2026-08-11T23:36:00.000Z","Really appreciate the opportunity. This would mean a lot to me 🙌  4Ra1ZT9cfF7giPSPNkCmZf5m2rAkHQRMSCPEp22hB6Hk",""
"@Raphmond_","3uYQW4KY9Et1krUnnTPsaf5fS5YFWT46rRHpHyEx4a4A","TRUE","2026-08-11T17:30:00.000Z","3uYQW4KY9Et1krUnnTPsaf5fS5YFWT46rRHpHyEx4a4A",""
"@vallerruyy_","H81oc3M2yVUemBZp7BHTkV46DF8zvHAwhAheXVP1tYN2","TRUE","2026-08-11T19:09:00.000Z","couldnt resist a $ANSEM giveaway   H81oc3M2yVUemBZp7BHTkV46DF8zvHAwhAheXVP1tYN2",""
"@Regularboy04","9YaKQDDqCih68iqiXoY2mTvcikWDmAgp2MYDT91KoAue","TRUE","2026-08-11T18:24:00.000Z","Following with Notis on  Can I win this ? Thank you @RadTrades_   9YaKQDDqCih68iqiXoY2mTvcikWDmAgp2MYDT91KoAue",""
"@Itsmeowluck","Fp8bMp1x4n7vCTTngCFdseu3q1eCn2mC8ZQx2Y7Y3ZPx","TRUE","2026-08-11T22:47:00.000Z","Thanks for blessing man , respect your kindness ❤️   Fp8bMp1x4n7vCTTngCFdseu3q1eCn2mC8ZQx2Y7Y3ZPx",""
"@Shadow_Zeiq","7FZLe6XUcob4bthcMZ6ex1maDBj41arDXN7u9ePnYmwg","TRUE","2026-08-11T22:53:00.000Z","7FZLe6XUcob4bthcMZ6ex1maDBj41arDXN7u9ePnYmwg  Thank you so much for this wonderful opportunity you have shared to the community.❤🎉",""
"@Ogeg_","7Uq8Hkk5CBJVGAPjCGkzQSar1u9khf5DAuMoUjsyVwhn","TRUE","2026-08-11T16:52:00.000Z","Thanks Rad  Wish me luck ♥️   7Uq8Hkk5CBJVGAPjCGkzQSar1u9khf5DAuMoUjsyVwhn",""
"@harryysol","DkSijKAGf1T2SZTeV3X1To3bZFjYAeVGidRXoWbYsNqu","TRUE","2026-08-11T21:56:00.000Z","thank you chad  DkSijKAGf1T2SZTeV3X1To3bZFjYAeVGidRXoWbYsNqu",""
"@Feigures","2TCpNo5QDDzREbCsMet57P3XavMgxLv8tdK6AGyV8rxX","TRUE","2026-08-11T16:47:00.000Z","2TCpNo5QDDzREbCsMet57P3XavMgxLv8tdK6AGyV8rxX  one of my many bullposts about solana:9cRCn9rGT8V2imeM2BaKs13yhMEais3ruM3rPvTGpump check my page you’d see   nitter.net/feigures/status/208713… been holding for 41 days as well",""
"@28blocboy","2e5xsjYs9P5YZrA36FMRiBwc8A8G7EyzWn4iNBvjLe1i","TRUE","2026-08-11T21:03:00.000Z","I’ve been supporting to you for a year plus now, seeing you giving out to a lot of people.. I appreciate and God bless you for always showing love to the community… I’ve never won from you before always been patient, I hope this can be my first win from you. Thank you and Goodluck to everyone     2e5xsjYs9P5YZrA36FMRiBwc8A8G7EyzWn4iNBvjLe1i",""
"@ptrskrarum","Ct3WzKyyRq7KhM1xKZbgFizvgEzErmrpVjZwsGFHQiGw","TRUE","2026-08-11T16:56:00.000Z","Big love Rad   Ct3WzKyyRq7KhM1xKZbgFizvgEzErmrpVjZwsGFHQiGw",""
"@Mammoth_0x","GdSfvhvmAphmpPEk7gycPvtsea8No6TPjuSDv6sjL6Uo","TRUE","2026-08-11T20:10:00.000Z","I’ve held $ANSEM through red days  Never think of selling, i'm  optimistic about this one. Thank you @RadTrades_ ❤️🐂  GdSfvhvmAphmpPEk7gycPvtsea8No6TPjuSDv6sjL6Uo",""
"@kaponeOthello","84khGbmwF1GM94mMff1uCZWPXGunX8ypd2gY3G1L8hzi","TRUE","2026-08-11T19:07:00.000Z","84khGbmwF1GM94mMff1uCZWPXGunX8ypd2gY3G1L8hzi",""
"@unknwnchris","GsfgbKJtXDSggfgS4gdGURcPHBoipnP27doyqi5UrTKX","TRUE","2026-08-11T19:33:00.000Z","save me rad   GsfgbKJtXDSggfgS4gdGURcPHBoipnP27doyqi5UrTKX",""
"@omoadelion","7L3GRqzvdGXQMWL2LdVAzFRNGXQvSFZHijya8cdvF9nS","TRUE","2026-08-11T16:57:00.000Z","7L3GRqzvdGXQMWL2LdVAzFRNGXQvSFZHijya8cdvF9nS",""
"@Justosinofweb3","ZmFe33Fzz1abhTMxaJMMhXNaq5MPG2CjV8cUKMZtXFW","TRUE","2026-08-11T17:51:00.000Z","Hey 👋   ZmFe33Fzz1abhTMxaJMMhXNaq5MPG2CjV8cUKMZtXFW",""
"@Axelson142","HhQg1BsJdqwAV1PGmJzRx9W9rk1KDkhHgUCptXy8FkHj","TRUE","2026-08-11T17:09:00.000Z","HhQg1BsJdqwAV1PGmJzRx9W9rk1KDkhHgUCptXy8FkHj  Thank you",""
"@actvi3va","zUydCtHgKG8qiHtBURSXS8rqQjE9vbuLJzN34ebih4w","TRUE","2026-08-12T01:50:00.000Z","I’ve lost count of how many winners I’ve seen on my timeline. It’s honestly one of the reasons I keep believing my chance will come.  Been so always active for you legend  for you and I’ve always been a loyal supporter   Manifesting that I’ll be next  zUydCtHgKG8qiHtBURSXS8rqQjE9vbuLJzN34ebih4w",""
"@Cryptopian87","AX2bRNshMo2cArCdgcaJUunFxingarjyyMh7d2ChvYeu","TRUE","2026-08-11T16:50:00.000Z","AX2bRNshMo2cArCdgcaJUunFxingarjyyMh7d2ChvYeu",""
"@xSondor58","4GjWJYp3e8Sz9UcxuuMj3CTYynpioieu4GwWLYBiMYvg","TRUE","2026-08-11T17:13:00.000Z","Thank youuu  4GjWJYp3e8Sz9UcxuuMj3CTYynpioieu4GwWLYBiMYvg",""
"@saggzisback","Dvw1j1cnBdVtj4bi3zermCnzqgzbPyajxa861F6JdSF2","TRUE","2026-08-11T16:55:00.000Z","Bless me rad ..  Dvw1j1cnBdVtj4bi3zermCnzqgzbPyajxa861F6JdSF2",""
"@lizeth_0426","CWryFNG6yr27eF3WFobfeKedaZXrC68vr3Phhq7U3Ye8","FALSE","2026-08-12T11:36:00.000Z","Bless me with this oh Lord   CWryFNG6yr27eF3WFobfeKedaZXrC68vr3Phhq7U3Ye8",""
"@DawgPound1218","FTxrKCpfr12ugsCg9kc4yHKeV6cjHNNrmeQGcEdGXxTC","FALSE","2026-08-11T18:47:00.000Z","I will hold the BLACK BULL & protect the bag with EVERY OUNCE of ME! $Ansem  🐂   FTxrKCpfr12ugsCg9kc4yHKeV6cjHNNrmeQGcEdGXxTC",""
"@swagokala","6z6YJGn9iJgF3KPD8LzGryAupoH7jiDqoRCRWf9YqvD","TRUE","2026-08-11T17:36:00.000Z","6z6YJGn9iJgF3KPD8LzGryAupoH7jiDqoRCRWf9YqvD",""
"@Invarchc5","2HVVMvH6gNuMy1rrfTA8AcbLi35cpj4F3dt5wwurwLLU","FALSE","2026-08-12T13:14:00.000Z","Thank you so much   2HVVMvH6gNuMy1rrfTA8AcbLi35cpj4F3dt5wwurwLLU",""
"@Boy_daeniel","Ge49wWcRaG7iAB7ZFPUu7HkDgAhoqt9Ejewag8mZR1BL","FALSE","2026-08-11T18:42:00.000Z","Ge49wWcRaG7iAB7ZFPUu7HkDgAhoqt9Ejewag8mZR1BL   Drip with Faith.🙌",""
"@0xGKz","HsZNm1SfDmuDfoJyrV4TANcia6QNEzR41MDKe3Nybhrg","TRUE","2026-08-12T00:20:00.000Z","HsZNm1SfDmuDfoJyrV4TANcia6QNEzR41MDKe3Nybhrg",""
"@ArtemKovalevsk3","E5DnCgb69iRg9xTFSPvoCidYT8MsPysJx8ypBLs7M6fT","FALSE","2026-08-11T18:05:00.000Z","E5DnCgb69iRg9xTFSPvoCidYT8MsPysJx8ypBLs7M6fT",""
"@snipe_01_","2KXTgGaJPquAHCq6Dm99o3Aoas7sxaeBBTCpwKoBtQPy","FALSE","2026-08-12T02:22:00.000Z","Top me up Rad  2KXTgGaJPquAHCq6Dm99o3Aoas7sxaeBBTCpwKoBtQPy",""
"@Lerexbt","LereopRG3EfUzwzLpKnSmuNU1d27K4XgxCigRd6R5TE","TRUE","2026-08-11T16:38:00.000Z","LereopRG3EfUzwzLpKnSmuNU1d27K4XgxCigRd6R5TE  gimme",""
"@zer0_panic","3wPBTN8B4gqtSmUqQsuHqrCnKkjBBJbDhmHNj6gtDtU3","TRUE","2026-08-11T18:01:00.000Z","Thankyou goat🙌🏻🐐   3wPBTN8B4gqtSmUqQsuHqrCnKkjBBJbDhmHNj6gtDtU3",""
"@derekWeb3","9gMHTW5BouVcCm8Uzqnj2gnL3YxgpatSFncokK2iSzif","TRUE","2026-08-11T16:40:00.000Z","Me  SOL ADDY: 9gMHTW5BouVcCm8Uzqnj2gnL3YxgpatSFncokK2iSzif",""
"@lonerfrmdao","8BAeBcJMqp1h5ak2w6RcZr3F6gQkWvWZtKj3RKZFBTF5","TRUE","2026-08-11T16:45:00.000Z","Thank you goat 🤞  8BAeBcJMqp1h5ak2w6RcZr3F6gQkWvWZtKj3RKZFBTF5",""
"@dblezzz","iTiLp4VdK2urg31UZnBFdQRAoZxAvaBvhnUb8jQHBtW","TRUE","2026-08-11T17:24:00.000Z","iTiLp4VdK2urg31UZnBFdQRAoZxAvaBvhnUb8jQHBtW",""
"@unnimayaNavi","FUXX9cfNqwbxuCBcJb3w9PA4JGvwutgBqW21rQFp8YZ7","FALSE","2026-08-11T17:24:00.000Z","FUXX9cfNqwbxuCBcJb3w9PA4JGvwutgBqW21rQFp8YZ7",""
"@sniper_x07","7PBpNXJ2RVHgpGuet2qtKnLd7qoy6Xvj5WcuNGVAXTV9","FALSE","2026-08-11T17:41:00.000Z","7PBpNXJ2RVHgpGuet2qtKnLd7qoy6Xvj5WcuNGVAXTV9",""
"@Voxstry001","6pxbBiVCmi6y2iAS1WazhLcQzWxiWV6rbbpoaYTGKbMw","FALSE","2026-08-11T16:48:00.000Z","6pxbBiVCmi6y2iAS1WazhLcQzWxiWV6rbbpoaYTGKbMw       Imagine this is the entry I almost skipped, but somehow ends up being the one.",""
"@WhoCares_Visu","FFnCruKxhqRt4KXczu8qwGq8YtNQAGQBy3sEtMSwFuLp","TRUE","2026-08-11T16:38:00.000Z","M showing up here daily   FFnCruKxhqRt4KXczu8qwGq8YtNQAGQBy3sEtMSwFuLp",""
"@crypto_FAR","Ba5uEbFwNvbxy3YeDD2rBZ8N6DCXCfJyoaC6FBS69HkE","FALSE","2026-08-11T17:18:00.000Z","Still believe, I will win  Ba5uEbFwNvbxy3YeDD2rBZ8N6DCXCfJyoaC6FBS69HkE",""
"@0xMervin","Hn4pMnpTW9yJkjTDGVcPFpn1UJ72TDo54bjLQVKSuS1w","TRUE","2026-08-11T16:58:00.000Z","just imagine win $ANSEM  Hn4pMnpTW9yJkjTDGVcPFpn1UJ72TDo54bjLQVKSuS1w",""
"@Herrn18","ED5MPkd4vAtmW33fv9YQhYV5L46gaS73Po8VYmpnkJi4","TRUE","2026-08-11T16:38:00.000Z","ED5MPkd4vAtmW33fv9YQhYV5L46gaS73Po8VYmpnkJi4  Thanks you",""
"@parsa126128","AYvDVYu7wM22u4CA4ajLsK49t9GcxBkBuUM9QNipzwPG","FALSE","2026-08-12T15:07:00.000Z","Hope I win   AYvDVYu7wM22u4CA4ajLsK49t9GcxBkBuUM9QNipzwPG",""
"@TeGaReXx","7ALfVEht2qG7GmTn8JHArRqqkr2XmZrsB8ZdPprC7AAF","TRUE","2026-08-12T04:46:00.000Z","7ALfVEht2qG7GmTn8JHArRqqkr2XmZrsB8ZdPprC7AAF  Thank you 🙏",""
"@hunter_xzn","2Ga9wa9KmwwNZJMFCFwgts8tQAoyFiXb9VoDpEeFQJvz","TRUE","2026-08-11T18:50:00.000Z","Thank you rad!  2Ga9wa9KmwwNZJMFCFwgts8tQAoyFiXb9VoDpEeFQJvz   Manifesting my first ever $ANSEM airdrop",""
"@farhan_sheikh7","3RWpH7K8B2RbvWr2CpDMHjyp2MDTMYi7ScR6B82NmujJ","TRUE","2026-08-11T17:36:00.000Z","Bless me   3RWpH7K8B2RbvWr2CpDMHjyp2MDTMYi7ScR6B82NmujJ  $SOL",""
"@Dontbelike_folu","7jR8UWV2AXNeq9U3aFVx1Ev81xnF5xupZhoR3MkNVBmY","TRUE","2026-08-11T18:03:00.000Z","Thank you rad   7jR8UWV2AXNeq9U3aFVx1Ev81xnF5xupZhoR3MkNVBmY",""
"@kwinkys","9cRCn9rGT8V2imeM2BaKs13yhMEais3ruM3rPvTGpump","TRUE","2026-08-11T16:54:00.000Z","Lets goo for solana:9cRCn9rGT8V2imeM2BaKs13yhMEais3ruM3rPvTGpump   EyvU8b95EkwxxRhKT6USqFiejpV1LDgLvMhdkVHqTMN",""
"@RaqibulHossain","DSWq2WHB6dU7fyUC1uUkBawSvNwyyNBmWeFjGsaiS5Tq","FALSE","2026-08-11T17:11:00.000Z","DSWq2WHB6dU7fyUC1uUkBawSvNwyyNBmWeFjGsaiS5Tq  Thanks",""
"@Baxt38000","5nad5Lq2GrerkjToLzRTzUwTcd7Pq1WFE7vCP92QMjNF","TRUE","2026-08-11T17:19:00.000Z","5nad5Lq2GrerkjToLzRTzUwTcd7Pq1WFE7vCP92QMjNF",""
"@exacobain69","8QomJttKB4Me7iSxeNhiBw9XGhexdFRvAEEvNCTBoJWQ","TRUE","2026-08-11T16:39:00.000Z","8QomJttKB4Me7iSxeNhiBw9XGhexdFRvAEEvNCTBoJWQ  Can i get bro?",""
"@MARA_SUIG","6kxR8uVx3zdC6wLbaAqqkmR6wFSU4kc75qATGdTpTBNU","FALSE","2026-08-11T17:15:00.000Z","6kxR8uVx3zdC6wLbaAqqkmR6wFSU4kc75qATGdTpTBNU",""
"@rivenfade","929i74APru1G2aSfXqrcgyJvZ3eD5UtMbtN1n5JBAE3f","TRUE","2026-08-11T18:40:00.000Z","Maybe never Lucky   929i74APru1G2aSfXqrcgyJvZ3eD5UtMbtN1n5JBAE3f",""
"@LydiaOkeme","AJbg1tjH6oJ17SpvS7bxL1wf1Uq9A5VMtyxsrQNWnNr3","FALSE","2026-08-11T17:16:00.000Z","AJbg1tjH6oJ17SpvS7bxL1wf1Uq9A5VMtyxsrQNWnNr3",""
"@Big_Metta","9cYQ8Ys4eqcFocsSiyKptWcu22wyDBLcQF2hSG7gqcW5","TRUE","2026-08-11T17:17:00.000Z","Here's my addy   9cYQ8Ys4eqcFocsSiyKptWcu22wyDBLcQF2hSG7gqcW5  Thanks man",""
"@AyomideTheGuru","AmY384Cbf3aKm2bxNztkL4udTGMdk22NQpkjVxguCKQh","TRUE","2026-08-11T16:57:00.000Z","please @RadTrades_  i’m active  AmY384Cbf3aKm2bxNztkL4udTGMdk22NQpkjVxguCKQh",""
"@roshekidd","82wsM4eQpTe15qrLs7Uj78ATXggKynsUEuU3eW3aLmo6","TRUE","2026-08-11T16:57:00.000Z","Ngl this will make my month already   82wsM4eQpTe15qrLs7Uj78ATXggKynsUEuU3eW3aLmo6   Thank you",""
"@H3R1114N","9PMZAbPGRW7jaZYQiYddVuFJxWbhCxSHC7e94HU5LZzA","TRUE","2026-08-11T16:39:00.000Z","9PMZAbPGRW7jaZYQiYddVuFJxWbhCxSHC7e94HU5LZzA  Thank you",""
"@faqodfaaaz","2VLreF6ZrPEMEULreLLytk6tw5NUSTdDNKgrcPQbTUuE","FALSE","2026-08-12T06:28:00.000Z","2VLreF6ZrPEMEULreLLytk6tw5NUSTdDNKgrcPQbTUuE  thank you for your good chance",""
"@christianah404","AuM8rJhPLPoNiicuiAQFkshkytmPVZv6yRfSE4EKCUSH","TRUE","2026-08-11T16:46:00.000Z","send me some @RadTrades_   AuM8rJhPLPoNiicuiAQFkshkytmPVZv6yRfSE4EKCUSH",""
"@joseoneth","EuAdB6A5AksrvSP6k1ncyCvxxrjGkLTv7STZzVfgz1q9","TRUE","2026-08-11T17:06:00.000Z","Thanks for all the support @RadTrades_  Ready to bagwork $ANSEM  EuAdB6A5AksrvSP6k1ncyCvxxrjGkLTv7STZzVfgz1q9",""
"@loxdotsol","GvmkJNRmhgNWy5revZNxU4KFy1YZH1a1ZdVRnkT14GEr","TRUE","2026-08-11T16:40:00.000Z","GvmkJNRmhgNWy5revZNxU4KFy1YZH1a1ZdVRnkT14GEr  Thanks",""
"@Okpunyifavour","HmRY16Y6meAKNjiU4Wcc5k32fk1vKwbeuocmzajwBF4n","FALSE","2026-08-11T19:34:00.000Z","I know one day I will know how a 🏆 win looks like. I will just keep showing up one day. Thank you king 👑 for always giving back to your actives.  Respect 🫡   HmRY16Y6meAKNjiU4Wcc5k32fk1vKwbeuocmzajwBF4n",""
"@Fwjaquez","DnmqMgikhVKakQGCLLLVJn4WLt4AqiLBDgmvq31SbgjT","FALSE","2026-08-11T17:14:00.000Z","Would love to be your first holder  DnmqMgikhVKakQGCLLLVJn4WLt4AqiLBDgmvq31SbgjT",""
"@wistin01","5cSDhi9gQvgiRmWYVg2uLT8zHAKAcN8H539bZC93RxaG","TRUE","2026-08-11T16:40:00.000Z","5cSDhi9gQvgiRmWYVg2uLT8zHAKAcN8H539bZC93RxaG  I believe 1 solana:9cRCn9rGT8V2imeM2BaKs13yhMEais3ruM3rPvTGpump will reach and surpass $5 , I’ll be holding as much $ANSEM as possible   thank you Rad",""
"@Muchas_Graci45","EjoxxBfEXiT8HqQv729Z8bEu6j1JMi2iJE5izsVEmVHF","FALSE","2026-08-11T23:42:00.000Z","EjoxxBfEXiT8HqQv729Z8bEu6j1JMi2iJE5izsVEmVHF",""
"@Patzifier","HzoKxs4mxedjTBE3CiJeF45zzfNUAWE8dNKp1HAbkVMy","FALSE","2026-08-11T17:16:00.000Z","HzoKxs4mxedjTBE3CiJeF45zzfNUAWE8dNKp1HAbkVMy  🐐🐐🐐",""
"@jeremyguych1l","7YAkym2i7RdkQoNHboDRgmzcY5yunBExE8XZAgAHJEHW","FALSE","2026-08-11T17:11:00.000Z","7YAkym2i7RdkQoNHboDRgmzcY5yunBExE8XZAgAHJEHW  always support you",""
"@meharg50","s2TsxGGS81fxPHXVmkrcGF5XC6335zntyTVc62Zbaxz","FALSE","2026-08-11T16:51:00.000Z","ALWAYS SPORT YOU BUTT NEVER WIN   s2TsxGGS81fxPHXVmkrcGF5XC6335zntyTVc62Zbaxz",""
"@0viemuno","4zqGP6qKpgEpaeaBGKboWsVGT4v2Yzbo1fBa9T1dNADb","FALSE","2026-08-11T16:48:00.000Z","4zqGP6qKpgEpaeaBGKboWsVGT4v2Yzbo1fBa9T1dNADb",""
"@Tessymanny","6Ju3BwoPkiFnr4tgifAhYqm2QzerZ2kHhF6y5wMkUXHW","FALSE","2026-08-11T17:23:00.000Z","6Ju3BwoPkiFnr4tgifAhYqm2QzerZ2kHhF6y5wMkUXHW",""
"@iyandahodl","EiKpLissnEwix9wz5yNUDWs9Yw6ro2f1YThXFiySRv8P","TRUE","2026-08-11T20:11:00.000Z","Been following you for a long while now… always waiting for the day you see me.. can you bless me with first win OG.  EiKpLissnEwix9wz5yNUDWs9Yw6ro2f1YThXFiySRv8P",""
"@Gazaliir","7a1eNA69LqMNPrF33fuQixxKzDB3yWC5L2fnxxoNDTSN","FALSE","2026-08-12T00:03:00.000Z","7a1eNA69LqMNPrF33fuQixxKzDB3yWC5L2fnxxoNDTSN",""
"@SahrulHuda48156","ApyfESFkAKZAWE99A11bH1PBu4Z43aEHNrjDHiy3eFW9","FALSE","2026-08-11T23:32:00.000Z","ApyfESFkAKZAWE99A11bH1PBu4Z43aEHNrjDHiy3eFW9",""
"@0xRennnn","9xCoxmCPBZwPR6KJK3DFmZ9nXFKCL3qWMQKkZRUpCbF","FALSE","2026-08-11T17:18:00.000Z","9xCoxmCPBZwPR6KJK3DFmZ9nXFKCL3qWMQKkZRUpCbF",""
"@RexxieXBT","97YW1BU8A5oohJqKNTTgTgnw1u2dd2MAJ2E2t1Wg5toM","FALSE","2026-08-11T17:23:00.000Z","Thanks Rad  97YW1BU8A5oohJqKNTTgTgnw1u2dd2MAJ2E2t1Wg5toM",""
"@_theyfwola","7sC42Y4yRMEyaBm3o7v2FWctGpJW1hr4Qmek7yj4Vjgb","FALSE","2026-08-11T17:25:00.000Z","Would love to hold more $ANSEM  THANKS RAD   7sC42Y4yRMEyaBm3o7v2FWctGpJW1hr4Qmek7yj4Vjgb",""
"@vvinjutaan","5ECNfcBPyJpMxxLaF9H237XxfouuwWxPvB5RJSno6JcR","FALSE","2026-08-11T18:49:00.000Z","5ECNfcBPyJpMxxLaF9H237XxfouuwWxPvB5RJSno6JcR",""
"@DelnFin","5QXsCtdbnnwDpjRgKRyT1jQjuNPv8Kyc8gSnfkr1uH59","FALSE","2026-08-11T17:18:00.000Z","5QXsCtdbnnwDpjRgKRyT1jQjuNPv8Kyc8gSnfkr1uH59  🙌💵💵",""
"@MaherZweb","R33GnyZNuddWLPpPng2GxR2k4hCQiZANeJXdC9bJfEN","FALSE","2026-08-11T23:28:00.000Z","R33GnyZNuddWLPpPng2GxR2k4hCQiZANeJXdC9bJfEN",""
"@BryanOBrien1028","AU6b6BGqzCRQnznEK8ZxLrEKz5akU7L3FVGep1sE9LuJ","FALSE","2026-08-11T17:41:00.000Z","Choose me and you'll never regret 🫡  AU6b6BGqzCRQnznEK8ZxLrEKz5akU7L3FVGep1sE9LuJ",""
"@keshman705","AJuE4wAfZUZrPkXDAjAzjhGnNgrEnSmKdo9ob8ZBSLUg","FALSE","2026-08-12T12:44:00.000Z","AJuE4wAfZUZrPkXDAjAzjhGnNgrEnSmKdo9ob8ZBSLUg",""
"@Ukajp170198","CkjoArYLHMituStMenGwvHjunbeamkJQGhK2Nnu9JeyU","FALSE","2026-08-11T22:11:00.000Z","CkjoArYLHMituStMenGwvHjunbeamkJQGhK2Nnu9JeyU",""
"@Brando924Jp","96kNMBGjQ7YKcnhhgMgjWfngXb5M2fiygwpk5pjPFmXb","FALSE","2026-08-11T17:07:00.000Z","96kNMBGjQ7YKcnhhgMgjWfngXb5M2fiygwpk5pjPFmXb  Help me",""
"@rexywow","54VR8F1dhy2rXr8qYc3y9H96JoeFoQj1V66UV2XenMnA","FALSE","2026-08-11T20:57:00.000Z","54VR8F1dhy2rXr8qYc3y9H96JoeFoQj1V66UV2XenMnA",""
"@Jayballrx","8yRtHTuYhMo1uPrwq87Kt5kZeB5f2VgGrB3G3dxmxm2i","FALSE","2026-08-11T20:05:00.000Z","8yRtHTuYhMo1uPrwq87Kt5kZeB5f2VgGrB3G3dxmxm2i",""
"@Jjilla1458","xYRPNQDf3WVxuKP9QousVvCsf89RRdPYAx6xiTgQwLL","FALSE","2026-08-12T05:15:00.000Z","xYRPNQDf3WVxuKP9QousVvCsf89RRdPYAx6xiTgQwLL",""
"@akhil22638867","69dgNiiYZUBQa67CgWH5xxkE74ufTCttk4baN8UDr8oT","FALSE","2026-08-11T17:11:00.000Z","69dgNiiYZUBQa67CgWH5xxkE74ufTCttk4baN8UDr8oT",""
"@kikidotsol","3bM73tYjrVy1nfT2paANuPPEtn31JAs9iZFSyLnMppqK","FALSE","2026-08-11T21:29:00.000Z","Tysm rad! Will buy blue tick if i win  3bM73tYjrVy1nfT2paANuPPEtn31JAs9iZFSyLnMppqK",""
"@Unclejayy01","buD17A1BbuRutRPc5BCy7wKapn3EuZGHTRT2Zeduu2t","FALSE","2026-08-11T17:45:00.000Z","buD17A1BbuRutRPc5BCy7wKapn3EuZGHTRT2Zeduu2t  Respect the grind",""
"@Fwjaquez","DnmqMgikhVKakQGCLLLVJn4WLt4AqiLBDgmvq31SbgjT","FALSE","2026-08-11T17:14:00.000Z","Than you rad  DnmqMgikhVKakQGCLLLVJn4WLt4AqiLBDgmvq31SbgjT",""
"@wcrypto137","HycUD8w2y6eUB1joNnVLjTrNBfXbqxunNxLZ4N1S9Cjb","TRUE","2026-08-11T17:18:00.000Z","HycUD8w2y6eUB1joNnVLjTrNBfXbqxunNxLZ4N1S9Cjb",""
"@trent_800","6PqKEoaY14xwqXGR5kpb4ZZ6xt5Vz49XooM5PdTRoYUP","TRUE","2026-08-11T17:03:00.000Z","Today  marks it 1 month holding $ANSEM ....been an active  supporter  and a bagworker   Would  love you to increase  my bags before we moon to 1billion  6PqKEoaY14xwqXGR5kpb4ZZ6xt5Vz49XooM5PdTRoYUP",""
"@fwmaverickk","F5vMMf5SQq1VXyGwZ9ZoRRG2P4zXLrivw6mcq9fRE9ko","TRUE","2026-08-11T16:38:00.000Z","thank you so much Rad  F5vMMf5SQq1VXyGwZ9ZoRRG2P4zXLrivw6mcq9fRE9ko",""
"@Ocee_3","2nVhNQN9sWA1B5y1tvusnivxHWJ1BXUFd7mRH1b9Rwcs","TRUE","2026-08-11T16:45:00.000Z","thank you Rad   2nVhNQN9sWA1B5y1tvusnivxHWJ1BXUFd7mRH1b9Rwcs",""
"@ThegreatFLOD","7eUmzyaEG4st18vW7vyRqN18eohv1wgiyCNVa3pcoTAk","FALSE","2026-08-11T19:42:00.000Z","Thank you  7eUmzyaEG4st18vW7vyRqN18eohv1wgiyCNVa3pcoTAk",""
"@FlamezOnChain","8TrWbpyXod8BxfxPLPQHHk5rGbU5iSdndP9ojzWD5E9M","TRUE","2026-08-11T17:57:00.000Z","Thanks king   8TrWbpyXod8BxfxPLPQHHk5rGbU5iSdndP9ojzWD5E9M",""
"@bagus_galuh_25","FJWec7bck5S6FAEMS8uiL8JWfbqHXx9CyZ6z37atF45p","FALSE","2026-08-11T17:18:00.000Z","Thanks Rad  FJWec7bck5S6FAEMS8uiL8JWfbqHXx9CyZ6z37atF45p",""
"@dholmahia","FYZpZUh78qdJHTPgRGQ93ns5ctGd45MnWUcj8y9AM2Z5","FALSE","2026-08-11T23:26:00.000Z","FYZpZUh78qdJHTPgRGQ93ns5ctGd45MnWUcj8y9AM2Z5",""
"@CRYPTOKING7_","KTdnGoicjorArBMgLS3WqiRY9qzof7za8DY79nvYAgU","FALSE","2026-08-11T17:06:00.000Z","KTdnGoicjorArBMgLS3WqiRY9qzof7za8DY79nvYAgU  Just hold ❤",""
"@SolMufasa","BakyXRTtW2cdivHrqoENQhSfaMjGLRgDudV8QSBGcKNf","TRUE","2026-08-12T03:20:00.000Z","BakyXRTtW2cdivHrqoENQhSfaMjGLRgDudV8QSBGcKNf   Thank you",""
"@agassi_35","3FK8kVpejMbdWAHGVBfJMCAVj5vXDgN43zLUC4oeyfsN","FALSE","2026-08-11T17:23:00.000Z","3FK8kVpejMbdWAHGVBfJMCAVj5vXDgN43zLUC4oeyfsN  Thank you 🙏",""
"@zeda_king","BvGPWHYLvTMbjr452YqY1EWmJFi8VtmoCH3miYNCTghm","FALSE","2026-08-11T18:22:00.000Z","BvGPWHYLvTMbjr452YqY1EWmJFi8VtmoCH3miYNCTghm  This will be more than appreciated @RadTrades_",""
"@Twtfor1Sola","4Vj1NQXwKSK7QGfadGHkJxnnfVkskhsXJB47YxmB3LfR","FALSE","2026-08-11T18:19:00.000Z","Thanks 🙏   4Vj1NQXwKSK7QGfadGHkJxnnfVkskhsXJB47YxmB3LfR",""
"@anshshah0900","AFQDe3i9PULxxnyax86yuc5Y2zEiBmuGFY1JSf2k1B7z","FALSE","2026-08-11T20:19:00.000Z","Appreciate you actually looking out for the people who support you.I am also trying brother plz notice  AFQDe3i9PULxxnyax86yuc5Y2zEiBmuGFY1JSf2k1B7z",""
"@HriddhanM","BHN8baCvFcrwEuLHvshBrhJQjAwvRZ1o1DJgaF7rs9br","FALSE","2026-08-12T08:35:00.000Z","I want to start my trading journey brother I know you from a very long time see you bless so many people hope I have also got some of it BHN8baCvFcrwEuLHvshBrhJQjAwvRZ1o1DJgaF7rs9br",""
"@DPhoenix_d","71SoeKUmceTwrrpTUiWRSzBNpRKY7pEzKMCn76KLyLSQ","TRUE","2026-08-11T17:19:00.000Z","Would really appreciate a win…  71SoeKUmceTwrrpTUiWRSzBNpRKY7pEzKMCn76KLyLSQ",""
"@Saad_Rajpoot08","6mX5qQQxZBLXQJdEZZND4c1bkbHwtTVQp5WHcbH2bFrS","FALSE","2026-08-11T22:53:00.000Z","6mX5qQQxZBLXQJdEZZND4c1bkbHwtTVQp5WHcbH2bFrS",""
"@yrnzaza","ZAZAVPEFF5kQrR3iDz3YdFbMCEqDMCcGkPzMmjTVFKk","TRUE","2026-08-11T20:18:00.000Z","ZAZAVPEFF5kQrR3iDz3YdFbMCEqDMCcGkPzMmjTVFKk  @RadTrades_",""
"@meltober","ESDQ3PrTsnvudcahPZwW9UQBwRjjq67R5GS9jbbeNoBq","TRUE","2026-08-11T16:54:00.000Z","Thank you bro supporting since forever   Appreciate you giving back 🙏  ESDQ3PrTsnvudcahPZwW9UQBwRjjq67R5GS9jbbeNoBq",""
"@pratikvaja05","7hetCyM3SFqpGcoSjkfnYYDHaP4XaAG5Gw5poy3xY7Qk","FALSE","2026-08-11T18:53:00.000Z","7hetCyM3SFqpGcoSjkfnYYDHaP4XaAG5Gw5poy3xY7Qk",""
"@CYpRuS_0","2qpvNF4EfZ1NeP3GrJk59mUaMPW2obJEAniE5BELFDgt","TRUE","2026-08-11T16:38:00.000Z","2qpvNF4EfZ1NeP3GrJk59mUaMPW2obJEAniE5BELFDgt   Thank you @RadTrades_   I will really appreciate it",""
"@rexy7835","5996QFrBR5zE3CHiQUhKdqCptUfbVvqcEeGyL6xM6A89","FALSE","2026-08-11T16:42:00.000Z","Been active legend   Can I win?  Here legend  5996QFrBR5zE3CHiQUhKdqCptUfbVvqcEeGyL6xM6A89   Thanks legend 🙏",""
"@pathezzy","7H8Hgfu5dSR915XTikERGDUVScnzTvCGWoC9LZtPUNuP","TRUE","2026-08-11T18:53:00.000Z","Save me .   7H8Hgfu5dSR915XTikERGDUVScnzTvCGWoC9LZtPUNuP",""
"@Underdvg_","GNpoo4S9YczZU9zkWxUaksxhY9pmqAC6xuCWa6oJER2N","TRUE","2026-08-11T16:46:00.000Z","Thank you for doing this. 🤍  GNpoo4S9YczZU9zkWxUaksxhY9pmqAC6xuCWa6oJER2N",""
"@amaloversclub","Ghxnf3hc9SUPh69MdR6KxV9MPNofbvdJ5t79MTKEvqrb","TRUE","2026-08-11T17:05:00.000Z","Ghxnf3hc9SUPh69MdR6KxV9MPNofbvdJ5t79MTKEvqrb  Hope am not late to the Part Y",""
"@ifwraviel","AGV8qxjuWHok11CsqysjS1N1jQL2j7jRGpJgMGuJJmxu","TRUE","2026-08-11T16:42:00.000Z","I’m here Rad. I would give back to the community if you see me brother.   AGV8qxjuWHok11CsqysjS1N1jQL2j7jRGpJgMGuJJmxu",""
"@AgonW3","77Tz3VmJDitEJZ7rL2u1Fx5B3MPwt4a2sNEnYgpmRFFV","TRUE","2026-08-11T16:38:00.000Z","When airdrop me Daddyyyyyyyyyyy   77Tz3VmJDitEJZ7rL2u1Fx5B3MPwt4a2sNEnYgpmRFFV   Stay blessed always @RadTrades_",""
